http,https,socks4,socks5
1.0.205.87:8080,1.0.205.87:8080,1.9.167.36:60489,1.180.49.222:7302
1.1.189.58:8080,1.1.189.58:8080,1.20.95.95:5678,3.131.207.170:13343
1.1.220.100:8080,1.1.220.100:8080,1.20.184.75:4153,5.11.17.230:1080
1.2.252.65:8080,1.2.252.65:8080,1.20.220.79:4145,5.161.86.206:1080
1.32.59.217:47045,1.32.59.217:47045,1.20.235.153:5678,8.209.220.34:80
1.179.136.98:8080,1.179.136.98:8080,1.32.59.217:47045,14.23.62.59:7300
1.179.144.41:8080,1.179.144.41:8080,1.53.137.84:4145,20.239.2.157:80
1.179.148.9:36476,1.179.148.9:36476,1.179.147.5:52210,24.249.199.4:4145
2.179.193.146:80,2.179.193.146:80,1.179.148.9:36476,24.249.199.12:4145
3.20.236.208:49205,3.20.236.208:49205,1.220.145.45:4145,31.43.203.100:1080
3.215.177.148:49205,3.215.177.148:49205,2.135.223.134:5678,37.18.73.94:5566
5.16.0.97:1256,5.16.0.97:1256,2.139.162.80:4145,42.117.106.32:1080
5.16.0.174:8080,5.16.0.174:8080,3.131.207.170:13343,43.128.36.71:3389
5.44.62.166:8080,5.44.62.166:8080,3.141.13.98:5678,43.129.207.123:3001
5.58.33.187:55507,5.58.33.187:55507,5.8.240.90:4153,43.156.107.62:80
5.180.130.90:80,5.180.130.90:80,5.22.154.50:32127,45.113.80.37:9050
5.180.130.91:8080,5.180.130.91:8080,5.34.74.234:5678,45.148.121.228:443
8.242.207.202:8080,8.242.207.202:8080,5.44.254.40:4145,47.56.69.11:8000
12.88.29.66:9080,12.88.29.66:9080,5.58.33.187:55507,47.74.152.29:8888
12.144.254.185:9080,12.144.254.185:9080,5.58.47.25:3629,47.74.226.8:5001
12.218.209.130:13326,12.218.209.130:13326,5.58.53.216:1085,47.89.153.213:80
14.102.13.193:8080,14.102.13.193:8080,5.58.66.55:14888,47.92.113.71:80
14.170.154.10:8080,14.170.154.10:8080,5.83.94.8:4153,47.93.239.66:1080
14.170.154.193:19132,14.170.154.193:19132,5.178.204.235:2082,47.240.226.173:1080
14.177.236.212:55443,14.177.236.212:55443,5.178.217.227:31019,47.245.56.108:18181
14.192.3.161:83,14.192.3.161:83,5.188.64.79:5678,47.252.4.64:8888
14.241.225.167:80,14.241.225.167:80,5.226.125.10:10801,47.254.195.78:443
14.248.80.77:8080,14.248.80.77:8080,8.17.28.139:39593,49.12.156.165:80
18.216.72.10:5678,18.216.72.10:5678,8.39.228.161:39593,49.51.74.195:21127
18.222.17.49:49205,18.222.17.49:49205,8.42.68.29:39593,51.83.190.248:19050
23.132.48.1:999,23.132.48.1:999,8.42.68.93:39593,51.195.102.120:10084
24.51.32.59:8080,24.51.32.59:8080,8.42.68.121:39593,51.222.12.245:10084
24.72.171.214:8080,24.72.171.214:8080,8.42.68.197:39593,51.222.13.193:10084
24.106.221.230:53281,24.106.221.230:53281,12.187.55.1:39593,51.254.44.184:45904
24.116.218.195:8080,24.116.218.195:8080,12.218.209.130:13326,54.36.108.221:40305
24.172.34.114:49920,24.172.34.114:49920,13.58.88.184:5678,58.20.184.187:9091
24.172.82.94:53281,24.172.82.94:53281,13.58.223.158:5678,58.215.199.34:7302
27.42.168.46:61308,27.42.168.46:61308,14.63.1.108:4145,60.198.53.23:80
27.72.244.228:8080,27.72.244.228:8080,14.102.64.209:60616,61.79.139.30:80
27.131.179.206:10443,27.131.179.206:10443,14.161.17.4:4153,61.130.151.230:7302
27.147.193.82:8080,27.147.193.82:8080,14.232.163.52:10801,61.134.48.51:7302
27.147.209.215:8080,27.147.209.215:8080,14.241.241.185:4145,61.135.30.54:7302
31.42.57.1:8080,31.42.57.1:8080,14.248.80.34:5678,61.145.158.142:7302
31.43.203.100:1080,31.43.203.100:1080,18.216.32.60:5678,61.178.94.23:7302
31.128.71.241:8081,31.128.71.241:8081,18.216.72.10:5678,62.171.166.158:40063
31.161.38.233:8090,31.161.38.233:8090,20.239.2.157:80,65.38.21.118:80
31.220.183.217:53281,31.220.183.217:53281,24.37.245.42:51056,66.42.224.229:41679
34.229.130.62:49205,34.229.130.62:49205,24.172.34.114:49920,66.135.227.178:4145
34.230.89.25:49205,34.230.89.25:49205,24.234.142.118:31008,67.201.33.10:25283
36.37.81.135:8080,36.37.81.135:8080,24.234.142.123:31008,68.71.249.153:48606
36.37.86.27:9812,36.37.86.27:9812,24.249.199.4:4145,69.61.200.104:36181
36.37.86.60:60005,36.37.86.60:60005,24.249.199.12:4145,70.166.167.38:57728
36.37.160.242:8080,36.37.160.242:8080,27.42.168.46:61308,70.166.167.55:57745
36.37.180.59:65205,36.37.180.59:65205,27.72.73.143:4153,72.49.49.11:31034
36.66.19.10:8080,36.66.19.10:8080,27.72.122.228:51067,72.195.34.35:27360
36.66.171.243:8080,36.66.171.243:8080,27.115.33.94:4153,72.195.34.41:4145
36.67.11.41:8080,36.67.11.41:8080,27.123.3.138:4145,72.195.34.42:4145
36.67.27.189:39674,36.67.27.189:39674,27.147.139.73:4145,72.195.34.58:4145
36.67.152.213:11111,36.67.152.213:11111,27.147.155.70:52596,72.195.34.59:4145
36.67.168.117:80,36.67.168.117:80,31.43.203.100:1080,72.195.34.60:27391
36.67.237.146:3128,36.67.237.146:3128,31.146.161.194:5678,72.195.114.169:4145
36.89.156.146:8080,36.89.156.146:8080,31.170.19.142:4153,72.195.114.184:4145
36.89.212.250:8080,36.89.212.250:8080,31.206.38.50:37630,72.206.181.97:64943
36.89.212.252:8080,36.89.212.252:8080,31.220.183.217:53281,72.206.181.103:4145
36.89.212.254:8080,36.89.212.254:8080,36.37.94.199:5678,72.206.181.105:64935
36.89.229.97:50540,36.89.229.97:50540,36.37.104.99:34040,72.206.181.123:4145
36.89.252.155:8080,36.89.252.155:8080,36.37.153.54:51080,72.210.208.101:4145
36.91.45.10:51672,36.91.45.10:51672,36.37.180.59:65205,72.210.252.134:46164
36.91.68.148:8080,36.91.68.148:8080,36.37.244.41:5678,72.210.252.137:4145
36.91.68.150:8080,36.91.68.150:8080,36.37.251.171:5678,72.217.216.239:4145
36.91.69.82:8080,36.91.69.82:8080,36.66.71.26:5678,72.221.164.34:60671
36.91.98.115:8181,36.91.98.115:8181,36.66.71.27:5678,72.221.172.203:4145
36.91.108.138:3128,36.91.108.138:3128,36.66.170.25:4153,72.221.196.157:35904
36.91.108.141:3128,36.91.108.141:3128,36.67.14.5:5678,72.221.232.155:4145
36.91.148.37:8080,36.91.148.37:8080,36.67.27.189:39674,77.37.155.85:1080
36.91.166.98:8080,36.91.166.98:8080,36.67.63.239:38071,81.22.103.65:80
36.91.216.243:8080,36.91.216.243:8080,36.67.88.77:4153,81.143.236.200:443
36.92.85.66:8080,36.92.85.66:8080,36.67.251.85:5678,85.25.91.141:15333
36.92.93.61:8080,36.92.93.61:8080,36.89.11.81:5678,91.151.88.130:80
36.92.109.146:8080,36.92.109.146:8080,36.89.17.211:5678,91.202.230.219:8080
36.92.111.49:9812,36.92.111.49:9812,36.89.85.249:5678,91.224.168.22:8080
36.92.134.71:999,36.92.134.71:999,36.89.156.211:4145,91.242.213.247:8080
36.92.140.113:8080,36.92.140.113:8080,36.89.183.77:31802,95.111.233.170:3000
36.93.2.50:8080,36.93.2.50:8080,36.89.229.97:50540,97.74.230.87:31365
36.93.30.197:8080,36.93.30.197:8080,36.89.251.210:5678,98.162.25.4:31654
36.93.75.154:8080,36.93.75.154:8080,36.89.252.90:5678,98.162.25.7:31653
36.94.2.138:443,36.94.2.138:443,36.91.45.10:51672,98.162.25.23:4145
36.94.17.138:8080,36.94.17.138:8080,36.92.96.179:5678,98.162.25.29:31679
36.94.27.124:8080,36.94.27.124:8080,36.92.177.9:1081,98.162.96.41:4145
36.94.47.58:4480,36.94.47.58:4480,36.92.222.105:4145,98.162.96.52:4145
36.94.47.59:4480,36.94.47.59:4480,36.94.247.157:5678,98.162.96.53:10663
36.94.54.93:9812,36.94.54.93:9812,36.95.84.151:41890,98.170.57.231:4145
36.94.58.26:4480,36.94.58.26:4480,36.95.189.165:5678,98.175.31.195:4145
36.94.58.28:4480,36.94.58.28:4480,36.255.86.170:4145,98.178.72.21:10919
36.94.183.153:8080,36.94.183.153:8080,36.255.211.1:55438,98.188.47.132:4145
36.95.15.146:8080,36.95.15.146:8080,37.17.53.108:3629,98.188.47.150:4145
36.95.15.148:8080,36.95.15.148:8080,37.18.73.94:5566,103.4.167.197:80
36.95.15.149:8080,36.95.15.149:8080,37.26.86.206:4145,103.80.118.242:51080
36.95.27.209:8080,36.95.27.209:8080,37.26.136.224:4153,103.117.192.14:80
36.95.54.114:8080,36.95.54.114:8080,37.57.15.43:33761,103.120.135.229:33427
36.95.81.167:41890,36.95.81.167:41890,37.228.65.107:32052,103.127.1.130:80
36.95.84.151:41890,36.95.84.151:41890,37.238.134.130:31772,103.197.251.202:80
36.95.116.9:9812,36.95.116.9:9812,38.131.32.78:5678,103.231.78.36:80
36.95.238.251:8080,36.95.238.251:8080,38.133.200.94:31596,103.241.182.97:80
36.255.211.1:55438,36.255.211.1:55438,41.57.20.140:1080,103.251.214.167:6666
37.26.86.206:4145,37.26.86.206:4145,41.77.23.120:5678,106.14.255.124:80
37.54.13.78:8081,37.54.13.78:8081,41.139.147.86:5678,110.78.208.148:8080
37.57.15.43:33761,37.57.15.43:33761,41.149.135.34:1080,110.235.250.155:1080
37.204.157.91:41890,37.204.157.91:41890,41.160.6.186:59881,111.26.161.196:7302
37.228.65.107:32052,37.228.65.107:32052,41.170.12.92:49142,111.59.53.147:7302
37.232.183.74:53281,37.232.183.74:53281,41.190.55.154:5678,111.61.73.175:7302
37.238.132.158:54190,37.238.132.158:54190,41.190.147.158:54018,112.6.117.178:8085
37.252.73.192:8080,37.252.73.192:8080,41.190.233.56:5678,113.108.247.146:20086
38.10.246.84:999,38.10.246.84:999,41.190.233.61:36926,114.215.203.84:7890
38.10.246.85:999,38.41.53.144:9090,41.215.33.186:4145,116.212.142.231:33427
38.41.53.144:9090,38.41.53.145:9090,41.223.234.116:37259,118.122.194.18:2021
38.41.53.145:9090,41.33.86.242:8080,41.242.66.74:5678,119.8.115.214:1080
41.33.86.242:8080,41.57.37.12:8080,43.156.107.62:80,119.13.78.93:1080
41.57.37.12:8080,41.65.67.166:1981,43.225.21.193:4145,119.13.124.3:1080
41.65.67.166:1981,41.65.162.75:1981,43.225.161.91:4153,120.220.220.95:8085
41.65.162.75:1981,41.75.85.22:8080,43.229.254.163:1080,122.224.56.198:7302
41.75.85.22:8080,41.77.13.186:53281,43.241.64.110:5678,123.183.174.69:7302
41.77.13.186:53281,41.79.37.74:8585,43.243.204.106:35805,124.167.248.230:1080
41.79.37.74:8585,41.86.251.61:8080,43.245.94.242:4153,124.225.116.119:7302
41.86.251.61:8080,41.161.92.138:8080,43.246.143.250:9999,125.66.165.154:7302
41.161.92.138:8080,41.184.178.247:8080,43.248.27.11:54730,125.141.133.48:5566
41.184.178.247:8080,41.190.147.158:54018,45.5.119.86:4153,125.141.133.53:5566
41.190.147.158:54018,41.204.87.90:8080,45.5.152.232:37762,125.141.133.99:5566
41.204.87.90:8080,41.215.85.74:8080,45.7.177.176:39867,125.141.139.110:5566
41.215.85.74:8080,41.220.125.198:8080,45.7.177.181:39867,125.141.139.197:5566
41.220.125.198:8080,41.220.238.130:83,45.7.177.186:39867,125.141.139.198:5566
41.220.238.130:83,41.220.238.137:82,45.7.177.188:39867,128.199.196.151:443
41.220.238.137:82,41.254.45.128:8080,45.7.177.195:39867,135.181.203.208:80
41.242.116.150:50000,41.254.53.70:1976,45.7.177.206:39867,138.201.125.229:8118
41.254.45.128:8080,42.194.186.119:8081,45.7.177.237:34234,150.109.32.166:80
41.254.53.70:1976,43.227.129.65:81,45.70.204.249:4145,150.129.151.42:6666
43.227.129.65:81,43.241.135.150:8080,45.71.185.42:3629,150.129.201.30:6666
43.241.135.150:8080,43.243.140.194:8080,45.73.0.118:5678,153.121.36.194:8118
43.243.140.194:8080,43.243.140.198:8080,45.112.3.209:4145,155.223.64.80:8081
43.243.140.198:8080,43.243.172.2:83,45.113.80.37:9050,157.245.62.1:9050
43.243.172.2:83,43.243.172.18:84,45.116.157.236:4145,159.69.117.155:42572
43.243.172.18:84,43.243.174.3:84,45.122.44.2:5678,159.69.153.169:5566
43.243.174.3:84,43.243.174.56:83,45.122.45.1:5678,159.69.204.95:9100
43.243.174.56:83,43.245.93.193:53805,45.124.24.112:4145,165.154.75.108:3512
43.245.93.193:53805,43.245.93.241:53805,45.124.25.237:4145,165.154.92.12:3512
43.245.93.241:53805,43.245.95.178:53805,45.129.123.101:4153,174.64.199.79:4145
43.245.95.178:53805,43.245.95.210:53805,45.148.121.228:443,174.64.199.82:4145
43.245.95.210:53805,43.249.140.230:8080,45.162.4.2:51508,174.75.211.222:4145
43.249.140.230:8080,43.249.224.174:83,45.162.227.129:59341,174.77.111.196:4145
43.249.224.174:83,45.5.58.62:999,45.166.26.2:53695,174.77.111.197:4145
45.5.58.62:999,45.7.177.237:34234,45.166.26.81:53695,174.77.111.198:49547
45.7.177.195:39867,45.7.177.243:34234,45.166.26.121:53695,176.99.2.43:1081
45.7.177.237:34234,45.64.10.9:8080,45.172.120.14:4145,178.170.54.205:9050
45.7.177.243:34234,45.64.10.25:8080,45.172.177.1:59341,178.238.25.174:1337
45.64.10.9:8080,45.64.11.193:8080,45.172.225.15:4153,182.61.201.201:80
45.64.10.25:8080,45.64.11.217:8080,45.174.161.4:5678,182.101.207.11:8080
45.64.11.193:8080,45.70.15.2:8080,45.175.177.0:4145,183.250.155.166:7302
45.64.11.217:8080,45.70.15.3:8080,45.175.179.3:4145,184.178.172.5:15303
45.70.15.2:8080,45.70.15.4:8080,45.175.179.4:4145,184.178.172.13:15311
45.70.15.3:8080,45.70.15.5:8080,45.181.47.1:4153,184.178.172.14:4145
45.70.15.4:8080,45.70.15.6:8080,45.181.228.211:4145,184.178.172.18:15280
45.70.15.5:8080,45.70.15.7:8080,45.181.228.220:4145,184.178.172.25:15291
45.70.15.6:8080,45.70.15.8:8080,45.187.76.2:3629,184.178.172.28:15294
45.70.15.7:8080,45.70.15.9:8080,45.187.87.115:4145,184.181.217.210:4145
45.70.15.8:8080,45.70.201.178:999,45.188.61.102:54858,185.32.120.242:1080
45.70.15.9:8080,45.70.201.179:999,45.224.197.137:4145,185.61.152.137:8080
45.70.201.178:999,45.81.144.51:8080,45.232.226.137:52104,185.64.105.82:9050
45.70.201.179:999,45.114.36.33:8080,45.233.2.1:4153,185.86.5.162:8975
45.81.144.51:8080,45.114.39.161:8080,45.234.61.157:4153,185.87.121.5:8975
45.114.36.33:8080,45.116.229.183:8080,45.234.100.112:1080,185.117.244.136:9050
45.114.39.161:8080,45.121.216.219:55443,45.235.148.5:3629,188.166.4.251:8118
45.116.229.183:8080,45.156.29.128:9090,45.238.57.1:3629,188.241.45.142:2021
45.121.216.219:55443,45.156.29.129:9090,45.249.79.105:3629,190.2.153.31:9050
45.156.29.128:9090,45.160.74.1:999,45.249.79.190:3629,192.111.129.145:16894
45.156.29.129:9090,45.160.78.5:999,45.249.101.1:56457,192.111.130.2:4145
45.156.29.131:9090,45.160.78.9:999,45.249.101.4:56457,192.111.130.5:17002
45.160.74.1:999,45.160.78.61:999,45.250.65.188:5678,192.111.135.17:18302
45.160.78.5:999,45.160.168.254:8080,46.23.141.142:5678,192.111.135.18:18301
45.160.78.9:999,45.161.115.250:999,46.34.149.142:3629,192.111.137.34:18765
45.160.78.61:999,45.166.144.2:999,46.36.65.117:1080,192.111.137.35:4145
45.160.78.105:999,45.167.90.21:999,46.47.80.186:5678,192.111.137.37:18762
45.160.148.103:8080,45.167.90.85:999,46.107.230.122:1080,192.111.138.29:4145
45.160.168.254:8080,45.167.95.184:8085,46.149.34.206:3629,192.111.139.162:4145
45.161.115.96:999,45.172.111.89:999,46.160.90.81:5678,192.111.139.163:19404
45.161.115.250:999,45.173.6.5:999,46.172.75.51:5678,192.111.139.165:4145
45.164.150.122:999,45.173.6.98:999,46.173.35.229:3629,192.249.127.96:9999
45.166.144.2:999,45.173.231.155:999,46.174.235.37:5678,192.252.208.67:14287
45.167.90.21:999,45.174.77.1:999,46.188.2.42:5678,192.252.208.70:14282
45.167.90.85:999,45.174.79.117:999,46.209.22.250:3629,192.252.209.155:14455
45.167.95.184:8085,45.174.79.129:999,46.209.47.2:1081,192.252.211.197:14921
45.169.148.2:999,45.174.79.189:999,46.209.100.250:5678,192.252.214.20:15864
45.169.148.11:999,45.175.160.34:999,46.209.118.51:5678,192.252.215.5:16137
45.170.100.9:999,45.175.160.41:999,46.209.118.53:5678,192.252.220.92:17328
45.170.100.128:999,45.175.160.45:999,46.219.80.142:45237,193.105.124.46:1080
45.170.101.2:999,45.175.160.50:999,46.227.37.161:1088,195.15.240.27:1080
45.170.101.177:999,45.177.109.197:8080,47.56.69.11:8000,195.149.196.135:1080
45.172.111.89:999,45.179.184.6:8083,47.74.152.29:8888,198.8.94.170:4145
45.173.6.5:999,45.179.184.121:8083,47.74.226.8:5001,198.8.94.174:39078
45.173.6.98:999,45.182.22.54:999,47.89.153.213:80,198.186.192.83:9050
45.173.231.155:999,45.184.155.12:999,47.92.113.71:80,202.85.197.139:80
45.174.77.1:999,45.186.60.10:8085,47.93.239.66:1080,203.176.129.79:33427
45.174.77.241:999,45.188.105.52:8083,47.102.207.157:10800,206.189.158.86:443
45.174.79.117:999,45.189.58.65:9090,47.180.63.37:54321,207.180.193.106:9100
45.174.79.129:999,45.189.58.66:9090,47.206.214.4:54321,208.102.51.6:58208
45.174.79.189:999,45.189.58.67:9090,47.245.56.108:18181,210.221.124.147:1080
45.175.160.34:999,45.189.58.72:9090,47.252.4.64:8888,218.4.192.62:7302
45.175.160.41:999,45.189.58.77:9090,49.0.32.177:10801,218.60.2.245:1080
45.175.160.50:999,45.189.117.237:999,49.51.74.195:21127,218.252.244.104:80
45.177.109.197:8080,45.190.79.160:999,49.156.38.126:5678,221.178.239.200:7302
45.179.184.6:8083,45.190.79.164:999,49.156.42.186:5678,222.174.252.54:7300
45.179.184.121:8083,45.190.79.192:999,49.156.42.188:5678,223.96.90.216:8085
45.179.193.152:999,45.190.170.0:999,49.156.47.162:8080,223.100.241.162:7302
45.181.122.74:999,45.190.170.254:999,49.206.195.204:5678,223.244.253.198:7302
45.181.226.163:999,45.224.119.10:999,49.229.36.210:4153,
45.182.22.54:999,45.224.119.16:999,49.231.0.178:55860,
45.184.73.114:40033,45.225.184.145:999,49.248.32.110:48434,
45.184.103.67:999,45.225.184.177:999,50.47.75.220:5678,
45.184.155.12:999,45.225.184.206:999,50.192.49.5:32100,
45.186.60.10:8085,45.226.185.2:8080,50.192.49.195:32100,
45.188.105.52:8083,45.228.52.108:999,50.192.195.69:39792,
45.189.58.65:9090,45.229.56.64:999,50.199.46.20:32100,
45.189.58.66:9090,45.230.169.9:999,50.233.42.98:30717,
45.189.58.72:9090,45.230.225.1:666,50.235.117.234:39593,
45.189.58.77:9090,45.231.170.137:999,50.236.148.246:31699,
45.189.117.237:999,45.231.223.250:999,50.237.206.174:64312,
45.189.118.74:999,45.233.245.85:8083,50.238.47.85:32100,
45.190.79.160:999,45.235.46.94:8080,50.242.122.141:32100,
45.190.79.164:999,45.248.27.129:8080,50.246.120.125:8080,
45.190.79.176:999,45.248.27.145:8080,50.250.75.153:39593,
45.190.79.192:999,45.249.78.25:83,50.250.205.21:32100,
45.190.170.0:999,45.251.74.142:18080,50.251.146.121:5678,
45.190.170.254:999,45.251.74.228:80,51.52.205.98:4153,
45.224.119.10:999,46.0.203.186:8080,51.79.166.151:10084,
45.224.119.16:999,46.36.132.23:8080,51.83.190.248:19050,
45.225.184.145:999,46.99.205.2:8080,51.195.102.120:10084,
45.225.184.177:999,46.99.205.10:8080,51.222.12.245:10084,
45.225.184.206:999,46.161.194.71:8080,51.222.13.193:10084,
45.226.185.2:8080,46.161.195.105:1981,51.254.44.184:45904,
45.228.52.108:999,46.161.195.107:1976,54.36.108.221:40305,
45.228.52.122:999,46.191.235.167:443,58.20.184.187:9091,
45.229.56.64:999,46.209.131.246:8080,59.153.24.185:5678,
45.230.169.9:999,46.209.196.146:8080,60.198.53.23:80,
45.230.225.1:666,46.219.80.142:45237,60.241.231.114:4153,
45.231.170.137:999,46.249.125.11:8080,61.48.42.138:4145,
45.231.223.250:999,47.51.51.190:8080,61.79.139.30:80,
45.233.245.85:8083,47.254.90.125:8080,61.164.58.66:10800,
45.235.46.94:8080,47.254.248.149:8080,61.247.25.57:4145,
45.248.27.129:8080,49.51.138.111:8118,62.73.127.98:10801,
45.248.27.145:8080,49.128.180.178:8080,62.89.31.164:5678,
45.249.78.17:82,49.156.42.188:5678,62.103.186.66:4153,
45.249.78.25:83,49.156.47.162:8080,62.122.201.246:50129,
45.251.74.142:18080,49.231.140.120:8080,62.171.166.158:40063,
45.251.74.228:80,49.248.32.110:48434,62.182.114.164:59623,
46.0.203.186:8080,50.193.36.173:8080,62.201.212.198:4673,
46.36.132.23:8080,50.201.51.216:8080,62.201.233.59:4145,
46.99.205.2:8080,50.232.250.157:8080,63.151.9.74:64312,
46.99.205.10:8080,50.233.42.98:30717,64.27.10.80:32688,
46.161.194.71:8080,50.233.228.147:8080,64.64.152.248:39593,
46.161.195.105:1981,50.235.149.74:8080,64.89.249.1:47124,
46.161.195.107:1976,50.246.120.125:8080,64.124.191.98:32688,
46.191.235.167:443,51.79.50.22:9300,64.139.79.35:8080,
46.209.131.246:8080,51.79.50.31:9300,65.38.21.118:80,
46.209.196.146:8080,51.195.81.233:8080,66.42.224.229:41679,
46.219.80.142:45237,52.91.171.186:49205,66.98.0.107:4673,
46.249.125.11:8080,58.82.151.242:8080,66.135.227.178:4145,
47.51.51.190:8080,58.82.154.3:80,66.181.164.125:4673,
47.254.90.125:8080,59.98.4.70:8080,67.22.223.9:39593,
47.254.248.149:8080,60.211.218.78:53281,67.201.33.10:25283,
49.12.156.165:80,61.7.141.30:8080,67.206.213.202:4145,
49.51.138.111:8118,61.7.159.133:8081,68.71.249.153:48606,
49.128.180.178:8080,61.8.77.3:8088,69.61.200.104:36181,
49.156.42.188:5678,61.9.34.46:1337,69.65.65.178:58389,
49.156.47.162:8080,61.14.228.126:8080,69.160.4.206:5678,
49.231.140.120:8080,61.216.156.222:60808,70.60.96.154:5678,
49.248.32.110:48434,61.216.185.88:60808,70.60.132.130:5678,
50.193.36.173:8080,62.3.30.22:8080,70.90.67.139:54321,
50.201.51.216:8080,62.3.30.26:8080,70.166.167.38:57728,
50.232.250.157:8080,62.27.108.174:8080,70.166.167.55:57745,
50.233.42.98:30717,62.33.136.222:8080,72.49.49.11:31034,
50.233.228.147:8080,62.182.114.164:59623,72.195.34.35:27360,
50.235.149.74:8080,62.201.217.194:8080,72.195.34.41:4145,
50.246.120.125:8080,62.205.169.74:53281,72.195.34.42:4145,
51.79.50.22:9300,63.151.67.7:8080,72.195.34.58:4145,
51.79.50.31:9300,64.119.29.22:8080,72.195.34.59:4145,
51.195.81.233:8080,64.139.79.35:8080,72.195.34.60:27391,
52.91.171.186:49205,65.18.114.254:55443,72.195.114.169:4145,
58.82.151.242:8080,66.181.164.125:4673,72.195.114.184:4145,
58.82.154.3:80,68.64.250.38:8080,72.206.181.97:64943,
59.98.4.70:8080,68.183.185.62:80,72.206.181.103:4145,
60.211.218.78:53281,69.11.145.106:8080,72.206.181.105:64935,
61.7.141.30:8080,69.160.192.139:8080,72.206.181.123:4145,
61.8.77.3:8088,70.186.128.126:8080,72.210.208.101:4145,
61.9.34.46:1337,71.25.47.187:8080,72.210.252.134:46164,
61.14.228.126:8080,74.114.232.162:8080,72.210.252.137:4145,
61.216.156.222:60808,76.80.19.107:8080,72.217.216.239:4145,
61.216.185.88:60808,77.37.155.85:1080,72.221.164.34:60671,
62.3.30.22:8080,77.38.21.239:8080,72.221.172.203:4145,
62.3.30.26:8080,77.46.138.49:8080,72.221.196.157:35904,
62.27.108.174:8080,77.46.138.233:8080,72.221.232.152:4145,
62.33.136.222:8080,77.225.198.220:9812,72.221.232.155:4145,
62.182.114.164:59623,77.233.5.68:55443,74.56.228.180:4145,
62.201.217.194:8080,77.236.236.38:10000,74.62.23.242:39593,
62.205.169.74:53281,77.236.236.44:8080,75.149.56.25:48324,
63.151.67.7:8080,77.236.237.177:8080,76.26.114.253:39593,
64.119.29.22:8080,77.236.237.241:1256,76.81.6.107:31008,
64.139.79.35:8080,77.236.238.33:1256,76.178.161.35:39593,
65.18.114.254:55443,77.236.243.39:1256,77.108.78.19:48079,
66.181.164.125:4673,77.242.21.186:8081,77.108.78.20:48079,
67.55.186.162:8080,78.29.36.210:9080,77.108.78.22:48079,
67.55.186.241:8080,78.30.230.117:50932,77.238.209.58:5678,
68.64.250.38:8080,78.83.199.235:53281,77.241.20.215:55915,
68.183.185.62:80,78.84.14.122:53281,77.242.233.13:4153,
69.11.145.106:8080,78.186.85.127:10001,78.83.242.229:4145,
69.65.65.178:58389,79.101.55.161:53281,78.84.136.235:4145,
69.160.192.139:8080,79.111.13.155:50625,78.128.124.108:5678,
70.186.128.126:8080,79.120.177.106:8080,78.186.111.34:1080,
71.25.47.187:8080,79.127.56.147:8080,79.101.45.94:56921,
74.114.232.162:8080,79.142.95.90:55443,79.106.246.174:4145,
76.80.19.107:8080,80.65.28.57:30962,79.124.23.9:4153,
77.37.155.85:1080,80.78.237.2:55443,79.132.200.179:4145,
77.38.21.239:8080,80.84.176.110:8080,80.26.56.66:4153,
77.46.138.49:8080,80.90.132.128:8888,80.54.62.254:5678,
77.46.138.233:8080,80.91.116.129:8081,80.65.28.57:30962,
77.225.198.220:9812,80.106.247.145:53410,80.68.76.178:4153,
77.233.5.68:55443,80.244.226.92:8080,80.71.112.51:55243,
77.236.236.38:10000,80.244.229.102:10000,80.71.112.103:55243,
77.236.236.44:8080,80.244.231.133:8080,80.71.112.122:55243,
77.236.237.177:8080,80.249.135.17:8080,80.78.130.106:3000,
77.236.237.241:1256,80.249.135.65:8080,80.80.167.241:10801,
77.236.238.33:1256,80.249.135.241:8080,80.81.232.145:5678,
77.236.243.39:1256,81.17.90.219:41890,80.82.147.3:4153,
77.242.21.186:8081,81.134.57.82:3128,80.82.147.5:4153,
78.29.36.210:9080,81.174.11.159:43516,80.91.120.38:5678,
78.30.230.117:50932,82.114.97.157:1256,80.210.56.169:4153,
78.83.199.235:53281,82.137.244.151:8080,80.235.239.130:1080,
78.84.14.122:53281,82.147.118.164:8080,81.12.104.38:3629,
78.186.85.127:10001,82.200.80.118:8080,81.12.104.46:3629,
79.101.55.161:53281,82.204.150.190:3129,81.12.169.254:4153,
79.111.13.155:50625,82.209.210.179:8080,81.16.1.71:5678,
79.120.177.106:8080,83.170.219.86:8081,81.17.87.42:5678,
79.127.56.147:8080,83.220.47.146:8080,81.17.94.50:47163,
79.142.95.90:55443,83.238.80.14:8081,81.22.103.65:80,
80.65.28.57:30962,83.238.80.18:8081,81.24.82.69:40980,
80.78.237.2:55443,84.204.40.154:8080,81.163.36.210:42967,
80.84.176.110:8080,84.204.40.155:8080,81.174.11.159:43516,
80.90.132.128:8888,84.214.150.146:8080,81.210.61.2:65000,
80.91.116.129:8081,85.25.91.141:15333,81.219.155.193:65000,
80.106.247.145:53410,85.31.251.62:8080,82.103.70.227:4145,
80.244.226.92:8080,85.62.10.82:8080,82.103.118.42:1099,
80.244.229.102:10000,85.62.10.84:8080,82.117.215.98:3629,
80.244.231.133:8080,85.62.10.94:8080,82.130.202.219:43429,
80.249.135.1:8080,85.109.140.173:8080,82.137.224.193:8291,
80.249.135.17:8080,85.113.39.89:81,82.137.250.18:5678,
80.249.135.65:8080,85.114.112.22:8080,82.200.81.3:1080,
80.249.135.241:8080,85.117.56.151:8080,82.207.20.247:5678,
81.17.90.219:41890,85.173.165.36:46330,82.207.37.180:4153,
81.134.57.82:3128,85.198.142.186:8081,83.143.24.29:5678,
81.174.11.159:43516,85.217.192.39:1414,83.168.84.130:4153,
81.218.45.219:8080,85.234.38.247:3128,83.168.84.141:4153,
82.114.97.157:1256,85.234.126.107:55555,83.218.186.22:5678,
82.137.244.151:8080,85.235.184.186:3129,83.220.234.102:5678,
82.147.118.164:8080,86.57.181.122:35709,84.51.56.123:4145,
82.200.80.118:8080,86.110.27.165:3128,84.52.123.163:4145,
82.204.150.190:3129,87.76.1.69:8080,84.236.158.198:9999,
82.209.210.179:8080,88.199.164.140:8081,84.236.185.247:61710,
83.170.219.86:8081,88.199.164.141:8081,85.25.91.141:15333,
83.220.47.146:8080,88.255.101.229:8080,85.29.144.114:5678,
83.238.80.14:8081,88.255.102.116:8080,85.29.147.90:5678,
83.238.80.18:8081,88.255.185.254:8080,85.72.32.44:44550,
83.238.80.30:8081,89.107.197.165:3128,85.92.164.179:4145,
84.204.40.154:8080,89.218.5.106:50733,85.112.95.42:4153,
84.204.40.155:8080,89.218.5.109:37717,85.113.7.142:5678,
84.214.150.146:8080,89.237.33.65:37647,85.114.112.22:8080,
85.25.91.141:15333,89.237.33.113:51549,85.116.120.106:3629,
85.31.251.62:8080,89.237.34.193:37647,85.117.63.99:4153,
85.62.10.82:8080,91.90.180.185:8080,85.132.8.108:4153,
85.62.10.84:8080,91.93.42.119:10001,85.172.66.254:1099,
85.62.10.94:8080,91.93.42.122:10001,85.198.244.100:3629,
85.109.140.173:8080,91.93.118.3:8090,85.217.192.39:1414,
85.114.112.22:8080,91.150.189.122:60647,85.228.41.4:4153,
85.117.56.151:8080,91.186.102.169:8082,85.237.51.73:4145,
85.173.165.36:46330,91.203.16.1:9999,85.237.62.189:3629,
85.198.142.186:8081,91.205.129.154:54013,86.28.76.188:4145,
85.217.192.39:1414,91.214.31.234:8080,86.57.181.122:35709,
85.234.38.247:3128,91.221.240.254:1515,86.100.63.127:4145,
85.234.126.107:55555,91.227.183.110:80,86.111.144.10:4145,
85.235.184.186:3129,91.233.111.49:1080,87.121.18.154:5678,
86.57.181.122:35709,91.234.127.222:53281,87.121.49.238:4145,
86.110.27.165:3128,91.242.213.247:8080,88.80.119.227:1080,
87.76.1.69:8080,92.51.31.177:8080,88.87.72.134:4145,
88.199.164.140:8081,92.60.190.22:50335,88.248.2.160:5678,
88.199.164.141:8081,92.60.238.12:8080,88.255.102.114:1082,
88.255.101.229:8080,92.80.1.202:8082,89.19.115.32:5678,
88.255.102.116:8080,92.84.56.10:47054,89.19.175.117:4145,
88.255.185.254:8080,92.207.253.226:38157,89.25.23.211:4153,
89.107.197.165:3128,92.247.2.26:21231,89.39.114.31:4153,
89.218.5.106:50733,92.249.122.108:58749,89.171.116.65:65000,
89.218.5.108:50733,93.86.63.73:8080,89.186.1.172:5678,
89.218.5.109:37717,93.91.112.247:41258,89.216.28.7:4153,
89.237.33.65:37647,93.105.40.62:51327,89.216.52.217:4153,
89.237.33.113:51549,93.145.17.218:8080,89.216.120.176:4153,
89.237.34.193:37647,93.157.163.66:35081,89.218.5.106:50733,
91.90.180.185:8080,93.177.229.164:9812,89.218.5.108:50733,
91.93.42.116:10001,94.73.239.124:55443,89.218.5.109:37717,
91.93.42.119:10001,94.75.76.3:8080,89.218.152.146:1080,
91.93.42.122:10001,94.75.76.10:8080,89.237.33.65:37647,
91.93.118.3:8090,94.127.219.99:8080,89.237.33.113:51549,
91.150.189.122:60647,94.140.242.221:8080,89.237.33.129:51549,
91.186.102.169:8082,94.181.48.110:1256,89.237.34.193:37647,
91.205.129.154:54013,94.228.194.18:41890,89.252.12.123:5678,
91.214.31.234:8080,94.228.204.225:41890,90.188.56.158:4153,
91.221.240.254:1515,94.232.11.178:46449,91.92.78.207:4145,
91.227.183.110:80,94.247.241.70:53640,91.93.143.10:4153,
91.233.111.49:1080,95.0.7.16:8080,91.103.29.150:3629,
91.234.127.222:53281,95.0.66.86:8080,91.150.189.122:60647,
91.242.213.247:8080,95.31.5.29:51528,91.186.102.169:8082,
92.51.31.177:8080,95.107.172.29:8080,91.193.125.123:3629,
92.60.190.22:50335,95.137.240.30:48761,91.199.93.32:4153,
92.60.238.12:8080,95.158.44.63:8080,91.201.240.84:5678,
92.80.1.202:8082,95.165.163.188:36496,91.202.230.219:8080,
92.84.56.10:47054,95.167.29.50:8080,91.203.165.23:5678,
92.207.253.226:38157,95.171.5.144:1256,91.205.129.154:54013,
92.247.2.26:21231,95.216.194.46:1080,91.205.131.110:53339,
92.249.122.108:58749,96.30.79.84:8080,91.213.119.246:46024,
92.255.187.47:8080,98.154.21.253:3128,91.216.66.70:47658,
93.86.63.73:8080,101.51.139.179:8080,91.221.240.254:1515,
93.91.112.247:41258,101.255.127.11:8080,91.224.168.22:8080,
93.105.40.62:51327,101.255.164.58:8080,91.232.135.105:80,
93.145.17.218:8080,102.38.5.161:8080,91.237.161.211:56889,
93.157.163.66:35081,102.38.14.157:8080,91.242.213.247:8080,
93.177.229.164:9812,102.38.17.121:8080,91.246.213.104:4145,
94.73.239.124:55443,102.68.128.210:8080,91.247.92.63:5678,
94.75.76.3:8080,102.68.128.211:8080,92.60.190.22:50335,
94.75.76.10:8080,102.68.128.212:8080,92.84.56.10:47054,
94.127.219.99:8080,102.68.128.214:8080,92.86.92.126:42740,
94.140.242.221:8080,102.68.128.215:8080,92.207.253.226:38157,
94.181.48.110:1256,102.68.128.216:8080,92.241.87.14:5678,
94.228.194.18:41890,102.68.128.217:8080,92.241.92.218:14888,
94.228.204.225:41890,102.68.128.218:8080,92.249.122.108:58749,
94.232.11.178:46449,102.68.128.219:8080,93.48.228.247:4153,
94.247.241.70:53640,102.68.129.30:8080,93.91.118.141:3629,
95.0.7.16:8080,102.68.134.94:8080,93.95.227.154:9050,
95.0.66.86:8080,102.68.135.21:8080,93.105.40.62:51327,
95.31.5.29:51528,102.68.135.129:8080,93.116.57.4:4153,
95.107.172.29:8080,102.68.135.157:8080,93.117.72.27:55770,
95.137.240.30:48761,102.134.127.15:8080,93.119.166.150:5678,
95.158.44.63:8080,102.141.197.17:8080,93.175.194.154:3629,
95.165.163.188:36496,102.165.127.85:8080,93.175.194.155:3629,
95.167.29.50:8080,103.1.93.184:55443,94.20.21.15:4153,
95.171.5.144:1256,103.5.232.145:8080,94.101.55.201:4153,
95.216.194.46:1080,103.7.27.186:8080,94.101.185.67:80,
96.30.79.84:8080,103.10.22.236:8080,94.154.31.136:2114,
98.154.21.253:3128,103.11.106.48:8080,94.181.33.149:40840,
101.51.139.179:8080,103.11.106.148:8181,94.198.211.217:5678,
101.255.127.11:8080,103.15.60.21:8080,94.232.11.178:46449,
101.255.164.58:8080,103.17.213.98:8080,94.247.241.70:53640,
102.38.5.161:8080,103.19.130.50:8080,94.253.95.241:3629,
102.38.14.157:8080,103.29.185.54:8181,95.9.194.13:30436,
102.38.17.121:8080,103.31.235.102:8080,95.31.5.29:51528,
102.68.128.210:8080,103.35.132.18:84,95.31.35.210:3629,
102.68.128.211:8080,103.36.35.135:8080,95.71.125.50:60867,
102.68.128.212:8080,103.38.5.226:83,95.111.233.170:3000,
102.68.128.214:8080,103.41.173.47:3128,95.128.142.76:1080,
102.68.128.215:8080,103.41.212.227:44759,95.137.240.30:48761,
102.68.128.216:8080,103.41.212.230:44759,95.143.8.182:50285,
102.68.128.217:8080,103.42.162.50:8080,95.154.75.180:45735,
102.68.128.218:8080,103.47.67.154:8080,95.158.139.61:10801,
102.68.128.219:8080,103.48.68.35:83,95.165.163.188:36496,
102.68.129.30:8080,103.52.144.49:8080,95.170.201.34:43018,
102.68.134.94:8080,103.54.43.131:8080,95.182.78.10:5678,
102.68.135.21:8080,103.55.48.206:8080,97.74.230.87:31365,
102.68.135.129:8080,103.59.176.154:8080,98.103.88.147:46104,
102.68.135.157:8080,103.59.213.29:8080,98.162.25.4:31654,
102.134.127.15:8080,103.60.173.114:8080,98.162.25.7:31653,
102.141.197.17:8080,103.65.212.150:8085,98.162.25.16:4145,
102.164.252.150:8080,103.66.196.218:23500,98.162.25.23:4145,
102.165.127.85:8080,103.68.207.34:82,98.162.25.29:31679,
103.1.93.184:55443,103.70.79.2:8080,98.162.96.41:4145,
103.4.167.197:80,103.70.79.3:8080,98.162.96.52:4145,
103.5.232.145:8080,103.71.22.2:83,98.162.96.53:10663,
103.7.27.186:8080,103.73.74.217:2021,98.170.57.231:4145,
103.10.22.236:8080,103.73.74.219:2021,98.170.57.249:4145,
103.11.106.48:8080,103.73.102.74:3127,98.175.31.195:4145,
103.11.106.148:8181,103.74.147.22:83,98.178.72.21:10919,
103.15.60.21:8080,103.76.12.42:8181,98.188.47.132:4145,
103.17.213.98:8080,103.76.253.66:3129,98.188.47.150:4145,
103.19.130.50:8080,103.77.10.22:8080,101.34.225.139:9999,
103.29.185.54:8181,103.77.41.138:8080,101.51.144.163:5678,
103.31.235.102:8080,103.78.25.99:3128,101.96.123.21:1080,
103.35.132.18:84,103.78.97.38:8080,102.64.117.254:4145,
103.36.35.135:8080,103.78.171.10:83,102.66.225.172:5678,
103.38.5.226:83,103.79.74.65:53879,102.66.228.117:5678,
103.41.173.47:3128,103.79.74.129:53879,102.66.228.121:5678,
103.41.212.227:44759,103.80.237.211:3888,102.134.17.14:5678,
103.41.212.229:44759,103.81.114.182:53281,102.141.91.245:5678,
103.41.212.230:44759,103.81.212.192:83,102.164.216.62:1080,
103.42.162.50:8080,103.81.214.235:83,102.176.178.66:4145,
103.47.67.154:8080,103.85.114.244:8080,102.217.8.1:5678,
103.48.68.34:83,103.96.79.73:8080,102.219.33.98:1080,
103.48.68.35:83,103.103.3.6:8080,102.219.33.129:1080,
103.48.68.36:83,103.105.125.6:83,102.244.120.10:45413,
103.52.144.49:8080,103.106.193.117:7532,103.4.118.130:5678,
103.54.43.131:8080,103.111.82.82:9812,103.4.167.197:80,
103.55.48.206:8080,103.114.10.33:8080,103.5.63.210:40544,
103.59.176.154:8080,103.114.10.234:8080,103.5.63.213:40544,
103.59.213.29:8080,103.114.10.250:8080,103.5.63.214:40544,
103.60.173.114:8080,103.114.98.217:6000,103.5.127.132:5678,
103.65.212.150:8085,103.116.203.242:40927,103.6.207.9:4153,
103.66.196.218:23500,103.116.203.245:40927,103.6.207.250:4153,
103.68.207.34:82,103.119.55.21:8082,103.8.59.1:4145,
103.70.79.2:8080,103.119.55.232:10001,103.8.115.27:48644,
103.70.79.3:8080,103.120.175.75:80,103.10.210.17:44550,
103.71.22.2:83,103.121.41.165:8080,103.12.246.49:4145,
103.73.74.217:2021,103.121.215.34:40927,103.12.246.53:4145,
103.73.74.219:2021,103.122.32.10:8080,103.12.246.65:4145,
103.73.102.74:3127,103.122.202.2:8080,103.12.246.129:4145,
103.74.147.22:83,103.123.234.106:8080,103.12.246.153:4145,
103.76.12.42:8181,103.124.111.33:8080,103.12.246.201:4145,
103.76.253.66:3129,103.125.162.134:83,103.14.20.225:5678,
103.77.10.22:8080,103.129.3.246:83,103.17.90.6:5678,
103.77.41.138:8080,103.130.70.209:83,103.21.40.35:4145,
103.78.25.99:3128,103.130.141.98:8080,103.26.209.206:11080,
103.78.97.38:8080,103.131.18.119:8080,103.28.86.241:57230,
103.78.171.10:83,103.132.53.176:3127,103.35.109.138:4145,
103.79.74.65:53879,103.133.26.100:8181,103.36.35.251:5678,
103.79.74.129:53879,103.134.98.5:83,103.37.82.134:39873,
103.80.237.211:3888,103.136.82.252:82,103.40.122.194:1080,
103.81.114.182:53281,103.137.91.250:8080,103.44.13.246:4145,
103.81.212.192:83,103.138.27.250:6000,103.47.93.210:1080,
103.81.214.235:83,103.138.41.132:8080,103.47.216.19:4145,
103.85.114.244:8080,103.139.242.113:83,103.48.181.189:4145,
103.96.79.73:8080,103.139.242.181:83,103.52.252.18:5678,
103.103.3.6:8080,103.139.242.210:82,103.58.16.106:4145,
103.105.125.6:83,103.139.242.233:84,103.59.190.2:56252,
103.106.193.117:7532,103.142.21.197:8080,103.60.182.238:4153,
103.111.82.82:9812,103.142.108.137:8080,103.60.186.21:52195,
103.114.10.33:8080,103.142.108.145:8080,103.60.212.113:51754,
103.114.10.234:8080,103.142.108.149:8080,103.68.0.242:5678,
103.114.10.250:8080,103.143.196.50:8080,103.68.3.114:4145,
103.114.98.217:6000,103.144.18.94:8083,103.70.159.137:5678,
103.116.203.242:40927,103.144.79.186:8080,103.70.159.140:5678,
103.116.203.245:40927,103.145.45.6:55443,103.70.159.152:5678,
103.119.55.21:8082,103.145.45.10:55443,103.70.159.153:5678,
103.119.55.232:10001,103.145.45.69:55443,103.74.227.130:56417,
103.120.175.75:80,103.145.45.77:55443,103.74.227.177:56417,
103.121.41.165:8080,103.145.57.50:8080,103.76.15.202:5678,
103.121.215.34:40927,103.145.57.109:8080,103.76.172.230:4153,
103.122.32.10:8080,103.145.128.179:8088,103.76.188.234:4153,
103.122.202.2:8080,103.145.133.22:42325,103.76.188.241:4153,
103.123.234.106:8080,103.145.141.36:8080,103.76.190.37:31756,
103.124.111.33:8080,103.146.30.178:8080,103.76.201.118:8291,
103.125.162.134:83,103.146.170.193:83,103.77.227.201:4153,
103.129.3.246:83,103.146.170.252:83,103.78.25.99:3128,
103.130.70.209:83,103.146.222.2:83,103.78.27.56:4145,
103.130.141.98:8080,103.147.77.66:5021,103.78.210.178:30000,
103.131.18.119:8080,103.148.39.38:82,103.79.96.177:4153,
103.132.53.176:3127,103.148.39.50:83,103.79.96.189:4153,
103.133.26.100:8181,103.148.192.74:80,103.80.210.33:5678,
103.134.98.5:83,103.148.195.22:8080,103.80.210.174:5678,
103.136.82.252:82,103.148.201.76:8080,103.80.237.93:5678,
103.137.91.250:8080,103.151.140.165:8080,103.81.64.74:1080,
103.138.14.43:8080,103.151.177.221:8080,103.81.114.182:53281,
103.138.27.250:6000,103.152.100.187:8080,103.82.11.209:4153,
103.138.41.132:8080,103.153.40.38:8080,103.85.67.94:4145,
103.139.242.113:83,103.153.190.78:8081,103.85.67.114:4145,
103.139.242.181:83,103.153.232.1:8080,103.85.103.17:5678,
103.139.242.210:82,103.153.232.241:8080,103.86.1.34:4145,
103.139.242.233:84,103.154.92.74:8080,103.87.212.15:4153,
103.141.52.218:8000,103.154.120.107:8080,103.88.135.76:5678,
103.142.21.197:8080,103.154.230.58:8080,103.89.62.5:4153,
103.142.108.137:8080,103.155.19.97:8080,103.89.62.41:4153,
103.142.108.145:8080,103.155.54.73:83,103.89.62.65:4153,
103.142.108.149:8080,103.155.54.233:84,103.89.62.81:4153,
103.143.196.50:8080,103.155.166.93:8181,103.94.8.239:5678,
103.144.18.94:8083,103.156.17.35:8181,103.95.97.53:4153,
103.144.79.186:8080,103.156.17.60:8888,103.95.97.186:31244,
103.145.45.6:55443,103.156.17.123:8888,103.99.110.222:5678,
103.145.45.10:55443,103.156.216.178:80,103.102.141.40:4145,
103.145.45.69:55443,103.156.216.194:8443,103.102.144.244:5678,
103.145.45.77:55443,103.156.249.34:8085,103.103.52.40:38887,
103.145.57.50:8080,103.156.249.52:8080,103.105.76.21:5678,
103.145.57.109:8080,103.159.46.2:82,103.105.86.61:3629,
103.145.128.179:8088,103.159.46.9:84,103.105.86.62:5678,
103.145.133.22:42325,103.159.46.10:83,103.108.243.238:5678,
103.145.141.36:8080,103.159.46.25:83,103.109.59.209:1080,
103.146.30.178:8080,103.159.46.34:83,103.109.196.49:5678,
103.146.170.193:83,103.159.46.41:83,103.111.219.138:4145,
103.146.170.252:83,103.159.46.121:83,103.113.3.234:4145,
103.146.222.2:83,103.159.47.5:83,103.113.3.238:4145,
103.147.77.66:5021,103.159.47.9:83,103.114.0.3:4153,
103.148.39.38:82,103.159.47.34:83,103.114.96.93:1080,
103.148.39.50:83,103.159.68.146:8080,103.115.255.86:36331,
103.148.192.74:80,103.159.196.215:1085,103.115.255.106:36331,
103.148.195.22:8080,103.159.220.141:80,103.116.203.242:40927,
103.148.201.76:8080,103.160.132.26:82,103.116.203.245:40927,
103.151.140.165:8080,103.160.201.76:8080,103.117.108.6:4153,
103.151.177.221:8080,103.162.205.251:8181,103.117.108.89:4153,
103.152.100.187:8080,103.163.134.4:8181,103.117.192.14:80,
103.153.40.38:8080,103.163.193.65:83,103.120.202.53:5678,
103.153.136.60:8080,103.163.193.97:83,103.121.42.13:5678,
103.153.190.78:8081,103.163.193.254:84,103.121.214.50:4145,
103.153.232.1:8080,103.164.99.58:8181,103.121.215.34:40927,
103.153.232.241:8080,103.164.113.211:8080,103.122.84.59:5678,
103.154.92.74:8080,103.164.116.170:8080,103.123.249.15:5678,
103.154.120.107:8080,103.164.118.83:8080,103.124.136.77:4145,
103.154.230.58:8080,103.164.180.90:8080,103.124.137.251:1080,
103.155.19.97:8080,103.164.221.34:8080,103.124.190.130:5678,
103.155.54.73:83,103.165.251.2:8080,103.124.197.78:1080,
103.155.54.233:84,103.166.10.10:8181,103.127.1.130:80,
103.155.166.93:8181,103.166.10.15:8181,103.127.21.45:5678,
103.156.17.35:8181,103.166.197.34:3128,103.132.0.161:5678,
103.156.17.60:8888,103.167.109.31:80,103.139.246.166:5678,
103.156.17.123:8888,103.167.109.151:8080,103.140.75.11:5678,
103.156.216.178:80,103.168.29.228:9812,103.140.189.94:5678,
103.156.216.194:8443,103.168.164.26:83,103.143.196.44:1080,
103.156.249.34:8085,103.170.97.60:8080,103.144.127.229:1080,
103.156.249.52:8080,103.172.70.27:81,103.144.181.122:44550,
103.159.46.2:82,103.175.237.9:3127,103.145.9.149:44550,
103.159.46.9:84,103.178.43.2:8181,103.145.45.125:51372,
103.159.46.10:83,103.178.43.6:8181,103.146.110.22:50860,
103.159.46.25:83,103.178.43.10:8181,103.148.225.6:5678,
103.159.46.34:83,103.183.60.226:9812,103.149.104.161:4153,
103.159.46.41:83,103.204.168.253:8080,103.150.110.202:9969,
103.159.46.121:83,103.206.51.225:84,103.151.47.22:46889,
103.159.47.5:83,103.207.1.82:8080,103.152.104.228:1080,
103.159.47.9:83,103.207.3.6:83,103.153.140.129:4153,
103.159.47.34:83,103.209.230.113:8080,103.154.145.90:4153,
103.159.68.146:8080,103.209.230.129:4153,103.156.14.165:5678,
103.159.196.215:1085,103.209.230.185:8080,103.158.121.186:1088,
103.159.220.141:80,103.210.161.198:8998,103.160.17.38:5678,
103.160.132.26:82,103.212.93.233:48434,103.160.201.76:8080,
103.160.201.76:8080,103.212.93.253:41363,103.161.76.91:1080,
103.162.205.251:8181,103.212.94.253:41363,103.163.36.142:4145,
103.163.134.4:8181,103.213.237.129:8080,103.164.174.2:4145,
103.163.193.65:83,103.214.201.209:8080,103.164.190.221:5430,
103.163.193.97:83,103.215.207.34:83,103.166.32.130:11080,
103.163.193.254:84,103.215.207.50:81,103.167.236.74:4145,
103.164.99.58:8181,103.215.207.81:82,103.169.186.71:1080,
103.164.113.211:8080,103.216.144.201:8080,103.192.76.36:5678,
103.164.116.170:8080,103.218.102.162:8080,103.197.251.202:80,
103.164.118.83:8080,103.231.200.229:3128,103.200.135.226:4145,
103.164.180.90:8080,103.231.218.246:8080,103.200.135.227:4145,
103.164.221.34:8080,103.239.201.86:1337,103.200.135.229:4145,
103.165.251.2:8080,103.243.114.206:8080,103.204.54.50:1080,
103.166.10.10:8181,103.247.121.115:8080,103.206.245.65:5430,
103.166.197.34:3128,103.248.93.5:8080,103.209.230.113:8080,
103.167.109.31:80,103.250.68.10:8080,103.209.230.129:4153,
103.167.109.151:8080,103.251.214.167:6666,103.209.230.185:8080,
103.168.29.228:9812,103.254.185.195:53281,103.210.29.100:31433,
103.168.164.26:83,104.192.202.11:8080,103.210.29.113:31433,
103.170.97.60:8080,105.19.63.217:9812,103.210.29.201:31433,
103.172.70.27:81,105.28.176.41:9812,103.212.93.233:48434,
103.175.237.9:3127,105.112.95.133:8080,103.212.93.253:41363,
103.178.43.2:8181,106.0.39.81:82,103.212.93.254:45639,
103.178.43.6:8181,106.0.48.130:8080,103.212.94.253:41363,
103.178.43.10:8181,109.70.189.70:61007,103.214.156.32:5678,
103.183.60.226:9812,109.86.182.203:3128,103.217.249.249:5678,
103.204.168.253:8080,109.92.222.170:53281,103.217.249.250:5678,
103.206.51.225:84,109.167.134.253:30710,103.217.249.253:5678,
103.207.1.82:8080,109.195.23.223:34031,103.225.125.161:4153,
103.207.3.6:83,109.200.159.27:8080,103.227.145.78:5430,
103.209.230.113:8080,109.200.159.28:8080,103.229.83.106:6789,
103.209.230.129:4153,110.34.13.4:8080,103.231.78.36:80,
103.209.230.185:8080,110.49.11.50:8080,103.231.176.58:5678,
103.210.161.198:8998,110.74.195.34:25,103.233.152.179:1080,
103.212.93.233:48434,110.74.203.250:8080,103.233.154.18:4145,
103.212.93.253:41363,110.74.208.153:21776,103.234.26.242:1080,
103.212.94.253:41363,110.74.222.71:44970,103.235.66.198:5678,
103.213.237.129:8080,110.76.129.106:59570,103.235.198.94:5678,
103.214.201.209:8080,110.77.134.106:8080,103.238.68.87:40921,
103.215.207.34:83,110.78.28.94:8080,103.239.52.97:4153,
103.215.207.50:81,110.78.81.107:8080,103.239.54.47:3629,
103.215.207.81:82,110.78.112.198:8080,103.239.165.29:5678,
103.216.144.201:8080,110.78.114.161:8080,103.240.33.153:8291,
103.218.102.162:8080,110.139.128.232:3127,103.240.33.225:8291,
103.231.200.229:3128,110.232.66.209:808,103.240.33.233:8291,
103.231.218.246:8080,110.232.67.42:55443,103.240.34.218:8291,
103.231.231.82:8080,110.232.67.43:55443,103.241.182.97:80,
103.239.201.86:1337,110.232.67.44:55443,103.242.104.44:5678,
103.243.114.206:8080,110.232.67.45:55443,103.242.104.244:5678,
103.247.121.115:8080,110.232.95.196:8080,103.242.107.243:4145,
103.248.93.5:8080,110.235.249.226:8080,103.245.205.33:35158,
103.250.68.10:8080,111.68.26.44:8080,103.245.205.142:35158,
103.251.214.167:6666,111.68.26.237:8080,103.248.30.219:5678,
103.254.185.195:53281,111.68.31.154:8080,103.250.148.82:41889,
104.37.102.181:8181,111.68.31.155:8080,103.250.152.20:5678,
104.192.202.11:8080,111.68.31.156:8080,103.251.214.167:6666,
105.19.63.217:9812,111.118.135.132:33260,103.253.154.155:41762,
105.28.176.41:9812,112.14.47.6:57545,103.254.94.154:5678,
105.112.95.133:8080,112.78.134.133:7777,104.36.7.201:1337,
106.0.39.81:82,112.78.137.106:8080,104.192.200.71:8899,
106.0.48.130:8080,112.78.170.250:8080,106.14.255.124:80,
106.0.48.131:8080,112.78.170.251:5678,106.105.173.121:1081,
109.70.189.70:61007,112.250.107.37:53281,106.240.89.60:4145,
109.86.182.203:3128,113.11.16.212:7878,106.245.183.58:4145,
109.92.222.170:53281,113.160.37.152:53281,108.175.23.137:13135,
109.167.134.253:30710,113.160.94.26:19132,108.175.24.1:13135,
109.195.23.223:34031,113.160.159.160:19132,109.68.189.22:54643,
109.200.159.27:8080,113.160.208.255:8080,109.70.189.70:61007,
109.200.159.28:8080,113.160.235.248:19132,109.70.206.42:5678,
110.34.13.4:8080,113.160.241.196:19132,109.75.34.152:59341,
110.49.11.50:8080,113.160.247.27:19132,109.75.42.82:3629,
110.74.195.34:25,113.161.59.136:8080,109.87.172.133:5678,
110.74.203.250:8080,113.176.88.14:8080,109.94.178.238:3629,
110.74.208.153:21776,113.176.118.231:9812,109.111.242.142:1080,
110.74.222.71:44970,114.5.199.203:8080,109.120.218.158:10801,
110.76.129.106:59570,114.5.199.208:8080,109.121.50.69:1080,
110.77.134.106:8080,114.5.199.216:8080,109.122.86.234:4153,
110.78.28.94:8080,114.5.199.221:80,109.166.207.162:3629,
110.78.81.107:8080,114.6.87.177:60811,109.167.113.12:4153,
110.78.112.198:8080,114.6.88.238:36732,109.167.134.253:30710,
110.78.114.161:8080,114.7.27.98:8080,109.195.23.223:34031,
110.139.128.232:3127,114.215.203.84:7890,109.197.55.234:1080,
110.232.66.209:808,115.74.246.138:8080,109.201.96.222:4145,
110.232.67.42:55443,115.96.208.124:8080,109.238.208.138:51372,
110.232.67.43:55443,115.124.79.91:8080,109.238.223.67:61150,
110.232.67.44:55443,115.243.184.76:23500,110.34.166.181:4153,
110.232.67.45:55443,116.0.4.54:8080,110.34.166.185:4153,
110.235.249.226:8080,116.90.229.186:35561,110.74.195.239:51080,
111.68.26.44:8080,116.197.130.71:80,110.77.135.70:4145,
111.68.26.237:8080,116.197.134.98:8080,110.77.145.159:4145,
111.68.31.154:8080,116.197.154.81:8080,110.77.149.20:4153,
111.68.31.155:8080,116.206.243.50:80,110.78.81.107:8080,
111.68.31.156:8080,116.254.116.99:8080,110.78.82.70:5678,
111.118.135.132:33260,116.254.119.31:8080,110.78.164.188:4153,
112.14.47.6:57545,117.4.115.169:8080,110.78.208.148:8080,
112.78.134.133:7777,117.54.11.85:3128,110.139.128.232:3127,
112.78.137.106:8080,117.54.130.66:53281,110.185.101.177:51800,
112.78.170.250:8080,117.54.238.62:8080,111.90.169.178:5678,
112.78.170.251:5678,117.102.75.13:9999,111.118.135.132:33260,
112.250.107.37:53281,117.102.81.2:53281,112.6.117.178:8085,
113.11.16.212:7878,117.102.81.6:53281,112.14.47.6:57545,
113.160.37.152:53281,117.114.149.66:55443,112.78.138.163:5678,
113.160.94.26:19132,117.121.204.9:34002,112.78.144.62:4145,
113.160.159.160:19132,117.186.143.130:8118,112.78.170.28:2580,
113.160.208.255:8080,118.67.219.153:8080,112.78.170.250:8080,
113.160.235.248:19132,118.67.221.82:8080,112.78.170.251:5678,
113.160.241.196:19132,118.70.12.171:53281,112.215.33.113:3629,
113.160.247.27:19132,118.70.109.148:55443,112.220.151.204:4145,
113.161.59.136:8080,118.91.178.225:8080,113.11.136.28:30993,
113.176.88.14:8080,118.97.47.249:55443,113.74.26.115:4145,
113.176.118.231:9812,118.97.47.250:55443,113.108.247.146:20086,
114.5.199.203:8080,118.97.164.19:8080,113.125.124.159:51800,
114.5.199.208:8080,118.99.96.173:8080,113.160.106.45:4153,
114.5.199.216:8080,118.163.13.200:8080,113.160.234.147:31797,
114.5.199.221:80,118.163.120.181:58837,113.160.247.180:4145,
114.6.87.177:60811,118.172.43.60:8080,113.161.13.52:5678,
114.6.88.238:36732,118.172.187.127:8080,113.161.210.60:4153,
114.7.27.98:8080,118.173.242.189:8080,113.161.248.75:1080,
114.215.203.84:7890,119.2.41.81:8080,113.161.248.125:1080,
115.74.246.138:8080,119.2.41.84:8080,113.161.254.4:1080,
115.96.208.124:8080,119.2.41.85:8080,113.162.84.218:1080,
115.124.79.91:8080,119.2.41.201:8080,113.162.84.219:1080,
115.243.184.76:23500,119.18.152.210:3127,114.6.87.177:60811,
116.0.4.54:8080,119.18.158.137:8080,114.6.88.238:36732,
116.90.229.186:35561,119.252.168.218:7676,114.134.90.43:5678,
116.197.130.71:80,119.252.171.50:8080,114.134.90.110:10800,
116.197.134.98:8080,120.29.124.131:8080,114.141.61.2:4145,
116.197.154.81:8080,120.50.19.84:8080,114.141.61.5:4145,
116.206.243.50:80,120.89.90.230:80,114.242.116.52:4145,
116.254.116.99:8080,121.8.215.106:9797,114.242.116.55:4145,
116.254.119.31:8080,121.13.252.58:61401,114.242.116.58:4145,
117.4.115.169:8080,121.13.252.60:61401,114.242.116.61:4145,
117.54.11.85:3128,121.101.131.142:9090,115.42.64.40:5678,
117.54.130.66:53281,121.101.133.68:8080,115.69.214.66:5678,
117.54.238.62:8080,121.101.133.73:8080,115.75.99.65:4153,
117.102.75.13:9999,121.139.218.165:43295,115.85.85.162:5678,
117.102.81.2:53281,122.3.41.154:8090,115.90.219.181:4145,
117.102.81.6:53281,122.3.103.31:3128,115.91.83.42:4145,
117.114.149.66:55443,122.50.7.186:8080,115.127.103.82:4673,
117.121.204.9:34002,122.154.35.190:8080,115.127.121.194:5678,
117.186.143.130:8118,123.200.17.107:8080,115.127.172.70:5678,
118.67.219.153:8080,123.200.20.6:8080,115.164.146.10:5678,
118.67.221.82:8080,123.200.26.214:8080,115.243.142.185:5678,
118.70.12.171:53281,123.201.21.234:8080,116.58.122.50:5678,
118.70.109.148:55443,123.231.186.26:8088,116.68.196.209:1080,
118.91.178.225:8080,124.41.240.96:55443,116.90.208.151:5678,
118.97.47.249:55443,124.83.74.218:8080,116.90.229.186:35561,
118.97.47.250:55443,124.156.100.105:8118,116.118.98.5:5678,
118.97.164.19:8080,124.158.167.173:8080,116.118.98.10:5678,
118.99.96.173:8080,124.158.167.242:8080,116.118.98.26:5678,
118.163.13.200:8080,124.158.175.26:8080,116.162.157.253:4145,
118.163.120.181:58837,125.26.4.219:8080,116.213.52.252:4145,
118.172.43.60:8080,125.26.165.245:8080,116.237.130.82:4145,
118.172.187.127:8080,125.214.87.243:8080,117.4.155.254:5678,
118.173.242.189:8080,128.0.179.234:41258,117.4.242.216:5678,
119.2.41.81:8080,128.201.119.251:999,117.20.57.159:5678,
119.2.41.84:8080,129.205.182.217:1080,117.54.130.66:53281,
119.2.41.85:8080,131.72.69.34:45005,117.102.72.114:4153,
119.2.41.201:8080,131.72.69.40:45005,117.102.75.171:5678,
119.18.152.210:3127,131.72.69.41:45005,117.102.78.165:1080,
119.18.158.137:8080,131.72.69.42:45005,117.176.150.231:51080,
119.45.123.146:8118,131.72.69.98:45005,117.192.8.82:4153,
119.252.168.218:7676,131.100.51.45:999,117.198.221.34:4153,
119.252.171.50:8080,131.100.51.46:999,117.202.20.66:1088,
120.29.124.131:8080,131.100.51.250:999,117.216.46.44:5678,
120.50.19.84:8080,131.108.220.57:45005,118.67.170.121:4153,
120.89.90.230:80,132.255.210.118:999,118.67.216.94:4145,
121.8.215.106:9797,132.255.210.119:999,118.67.223.4:5678,
121.13.252.58:61401,132.255.210.122:999,118.70.126.245:5678,
121.13.252.60:61401,134.0.63.134:8000,118.97.107.65:5430,
121.13.252.62:61401,134.19.254.2:4153,118.97.191.233:4153,
121.101.131.142:9090,134.249.185.223:41890,118.98.65.147:4153,
121.101.133.68:8080,136.232.116.2:48976,118.122.194.18:2021,
121.101.133.73:8080,136.233.136.41:48976,118.140.244.240:38157,
121.139.218.165:43295,138.117.84.65:999,118.173.230.19:1080,
122.3.41.154:8090,138.117.84.134:999,118.174.47.182:4145,
122.3.103.31:3128,138.117.84.161:999,119.2.54.25:5678,
122.50.7.186:8080,138.117.85.97:999,119.18.147.81:4153,
122.154.35.190:8080,138.117.110.87:999,119.46.2.250:4145,
122.224.56.198:7302,138.117.231.129:999,119.63.135.206:5678,
123.200.17.107:8080,138.117.231.130:999,119.82.251.250:31678,
123.200.20.6:8080,138.121.113.164:999,119.235.49.121:4153,
123.200.26.214:8080,138.121.113.182:999,119.235.50.58:4153,
123.201.21.234:8080,138.122.147.122:8080,120.50.13.38:40308,
123.231.186.26:8088,138.201.125.229:8118,120.88.34.92:5678,
124.41.240.96:55443,138.255.240.66:41466,120.88.35.15:5678,
124.83.74.218:8080,139.0.4.34:8080,120.220.220.95:8085,
124.156.100.105:8118,139.5.132.245:8080,121.13.252.58:61401,
124.158.167.173:8080,139.59.59.122:8118,121.13.252.60:61401,
124.158.167.242:8080,139.255.5.98:443,121.13.252.62:61401,
124.158.175.26:8080,139.255.10.234:8080,121.66.198.76:4145,
125.26.4.219:8080,139.255.21.74:8080,121.139.218.165:43295,
125.26.165.245:8080,139.255.26.115:8080,121.200.60.198:8010,
125.214.87.243:8080,139.255.41.118:8080,121.200.62.246:4153,
128.0.179.234:41258,139.255.72.220:8080,122.3.207.17:5678,
128.201.119.251:999,139.255.74.125:8080,122.3.255.114:4145,
129.205.182.217:1080,139.255.77.74:8080,122.52.187.137:5678,
131.72.69.34:45005,139.255.94.122:57853,122.116.29.68:4145,
131.72.69.40:45005,139.255.94.123:39635,122.146.95.183:4145,
131.72.69.41:45005,139.255.101.90:8080,122.152.52.254:5678,
131.72.69.42:45005,143.208.58.90:8080,122.152.55.141:5678,
131.72.69.98:45005,144.48.178.113:83,122.154.100.89:5678,
131.100.51.45:999,144.217.7.157:5566,122.200.144.132:3629,
131.100.51.46:999,144.217.240.185:9300,123.49.53.170:5678,
131.100.51.250:999,145.40.73.102:10001,123.203.156.224:65528,
131.108.220.57:45005,145.40.73.107:9443,123.231.230.58:31196,
131.161.53.38:1994,147.75.113.231:8080,123.234.46.51:4153,
132.255.210.114:999,149.5.36.2:8080,124.106.234.215:5678,
132.255.210.118:999,149.5.37.113:8080,124.107.36.198:5678,
132.255.210.122:999,149.5.37.193:8080,124.158.144.186:1080,
134.0.63.134:8000,149.56.96.252:9300,124.158.186.34:5678,
134.19.254.2:4153,150.107.137.25:8080,124.167.248.230:1080,
134.249.185.223:41890,150.129.151.42:6666,125.26.22.113:5678,
136.232.116.2:48976,150.129.201.30:6666,125.141.133.48:5566,
136.233.136.41:48976,151.237.84.8:8080,125.141.133.53:5566,
138.117.84.65:999,152.169.106.145:80,125.141.133.99:5566,
138.117.84.134:999,152.200.138.122:999,125.141.139.110:5566,
138.117.84.161:999,152.200.154.57:999,125.141.139.197:5566,
138.117.85.97:999,152.200.154.58:999,125.141.139.198:5566,
138.117.110.87:999,152.231.25.58:8080,129.205.182.217:1080,
138.117.231.129:999,152.231.25.195:60080,129.205.244.158:1080,
138.117.231.130:999,152.231.25.198:60080,131.0.87.225:52017,
138.121.113.164:999,153.121.36.194:8118,131.0.143.1:4145,
138.121.113.182:999,153.126.179.216:8080,131.161.68.41:35944,
138.122.147.122:8080,154.0.5.178:8080,131.196.180.1:4153,
138.201.125.229:8118,154.0.12.57:8080,131.221.120.196:5678,
138.255.240.66:41466,154.0.14.113:8080,134.0.63.134:8000,
139.0.4.34:8080,154.64.211.145:999,134.19.254.2:4153,
139.5.132.245:8080,154.64.219.41:8888,134.236.242.161:4153,
139.59.59.122:8118,154.72.77.10:8080,134.249.151.4:54965,
139.255.5.98:443,154.73.159.53:8585,136.228.162.179:5678,
139.255.10.234:8080,154.73.159.249:8585,136.228.163.150:5678,
139.255.21.74:8080,154.73.159.253:8585,136.232.116.2:48976,
139.255.26.115:8080,154.79.242.178:1686,136.233.136.41:48976,
139.255.41.118:8080,154.113.19.30:8080,138.0.207.18:38328,
139.255.72.220:8080,154.113.32.17:8080,138.0.229.232:4153,
139.255.74.125:8080,154.113.32.26:8080,138.59.177.117:5678,
139.255.77.74:8080,154.113.119.50:8080,138.99.95.9:4145,
139.255.94.122:57853,155.0.181.254:41174,138.117.141.27:8888,
139.255.94.123:39635,155.93.96.210:8080,138.201.125.229:8118,
139.255.101.90:8080,157.100.53.106:999,138.255.240.66:41466,
143.208.58.90:8080,157.100.56.179:999,139.0.21.236:5678,
143.208.156.170:8080,157.100.56.180:999,139.255.63.170:14888,
144.48.178.113:83,158.69.27.94:9300,139.255.94.122:57853,
144.217.7.157:5566,158.69.52.218:9300,139.255.94.123:39635,
144.217.240.185:9300,158.69.53.132:9300,140.206.81.178:1080,
145.40.73.102:10001,158.69.71.245:9300,141.105.86.130:44660,
145.40.73.107:9443,158.69.72.138:9300,143.137.99.202:5678,
147.75.113.231:8080,158.140.169.86:80,143.255.140.28:5678,
149.5.36.2:8080,159.192.138.170:8080,143.255.141.113:5678,
149.5.37.113:8080,159.224.243.185:37793,143.255.178.33:4153,
149.5.37.193:8080,160.3.168.70:8080,143.255.178.129:4153,
149.56.96.252:9300,160.19.232.85:3128,149.20.253.51:12551,
150.107.137.25:8080,160.119.128.102:21213,149.20.253.52:12551,
150.129.151.42:6666,160.226.132.33:8080,149.20.253.81:12551,
150.129.201.30:6666,161.49.90.70:1337,149.20.253.100:12551,
151.237.84.8:8080,161.49.176.173:1337,149.20.253.103:12551,
152.169.106.145:80,165.16.0.57:1981,150.107.207.137:57230,
152.200.138.122:999,165.16.0.89:1981,150.109.32.166:80,
152.200.154.57:999,165.16.0.97:1981,150.129.57.251:4153,
152.200.154.58:999,165.16.0.105:1981,150.129.109.14:5678,
152.204.128.46:35483,165.16.27.35:1981,150.129.151.42:6666,
152.231.25.58:8080,165.16.43.1:8080,150.129.170.13:44502,
152.231.25.195:60080,165.16.46.193:8080,150.129.201.30:6666,
152.231.25.198:60080,165.16.113.98:8080,150.129.207.84:41889,
153.121.36.194:8118,165.90.225.15:3389,152.32.78.24:4145,
153.126.179.216:8080,167.179.45.50:55443,152.204.128.46:35483,
154.0.5.178:8080,167.250.51.50:999,153.121.36.194:8118,
154.0.12.57:8080,167.250.180.2:6969,154.61.227.9:64312,
154.0.14.113:8080,168.90.14.162:999,154.62.132.163:4153,
154.64.211.145:999,168.181.196.76:8080,154.64.217.128:36468,
154.64.219.41:8888,168.196.215.16:9999,154.72.78.146:5678,
154.72.77.10:8080,168.205.102.26:8080,154.72.183.230:5678,
154.73.159.53:8585,168.232.84.139:8080,154.73.85.1:57932,
154.73.159.249:8585,170.0.86.147:999,154.79.242.178:1686,
154.73.159.253:8585,170.0.86.148:999,154.79.248.156:5678,
154.79.242.178:1686,170.0.87.200:999,154.79.250.48:5678,
154.113.19.30:8080,170.79.116.26:8080,154.117.212.18:5678,
154.113.32.17:8080,170.79.235.3:999,154.212.5.190:5678,
154.113.32.26:8080,170.80.65.153:8080,155.0.181.254:41174,
154.113.119.50:8080,170.80.202.242:999,155.133.83.169:58351,
155.0.181.254:41174,170.83.242.250:999,155.223.64.80:8081,
155.93.96.210:8080,170.231.55.142:999,155.254.9.2:36510,
157.100.12.138:999,170.239.255.2:55443,156.0.229.194:42692,
157.100.53.106:999,170.244.210.109:999,157.245.62.1:9050,
157.100.56.179:999,170.244.210.110:999,158.58.134.15:5678,
157.100.56.180:999,170.246.85.38:37163,158.140.173.212:44550,
158.69.27.94:9300,170.246.85.106:50991,159.69.153.169:5566,
158.69.52.218:9300,170.246.85.107:50991,159.69.204.95:9100,
158.69.53.132:9300,173.165.102.210:8080,159.192.148.18:5678,
158.69.71.245:9300,173.219.112.85:8080,159.224.243.185:37793,
158.69.72.138:9300,174.81.78.64:48678,160.226.139.135:1080,
158.140.169.86:80,175.100.72.95:55360,161.49.158.165:5678,
159.192.138.170:8080,175.100.103.170:55443,162.14.135.190:10800,
159.224.243.185:37793,175.101.80.136:8080,162.255.108.245:5678,
160.3.168.70:8080,175.101.80.138:8080,162.255.108.249:5678,
160.19.232.85:3128,175.101.80.140:8080,162.255.108.254:5678,
160.119.128.102:21213,175.101.80.145:8080,164.52.42.2:4145,
160.226.132.33:8080,175.106.10.164:8089,164.52.42.6:4145,
161.49.90.70:1337,175.106.10.226:51630,164.163.21.14:8291,
161.49.91.13:1337,175.106.10.227:7878,165.22.101.15:80,
161.49.176.173:1337,175.111.129.155:8080,168.181.121.195:57010,
165.16.0.57:1981,175.111.129.156:8080,168.194.224.36:4153,
165.16.0.89:1981,175.139.179.65:41527,168.232.122.35:5678,
165.16.0.97:1981,175.184.230.233:6565,168.232.220.1:4153,
165.16.0.105:1981,176.31.7.185:8080,169.239.223.136:52178,
165.16.27.35:1981,176.56.107.236:33911,169.255.189.105:4145,
165.16.43.1:8080,176.98.22.224:8181,169.255.190.189:4145,
165.16.43.63:8080,176.99.2.43:1081,170.79.182.82:11337,
165.16.46.193:8080,176.110.121.90:21776,170.80.33.103:5678,
165.16.113.98:8080,176.115.197.118:8080,170.80.71.78:5678,
165.90.225.15:3389,176.118.50.236:53281,170.80.91.5:4145,
167.179.45.50:55443,176.118.50.238:53281,170.84.51.233:55731,
167.250.51.50:999,176.118.50.239:53281,170.84.51.235:55731,
167.250.180.2:6969,176.119.158.31:8118,170.84.71.45:5678,
168.90.14.162:999,176.214.97.55:1256,170.233.30.6:4153,
168.181.196.76:8080,176.236.85.246:9090,170.233.148.2:4153,
168.196.215.16:9999,176.236.141.30:10001,170.238.180.21:4145,
168.205.102.26:8080,176.236.232.65:9090,170.244.0.179:4145,
168.232.84.139:8080,176.236.232.66:9090,170.246.85.38:37163,
169.46.126.192:80,176.236.232.69:9090,170.246.85.106:50991,
170.0.86.144:999,176.241.89.244:53583,170.246.85.107:50991,
170.0.86.147:999,177.22.88.224:3128,170.246.176.4:4153,
170.0.86.148:999,177.43.72.251:3128,170.247.43.142:32812,
170.0.87.200:999,177.53.152.137:999,170.254.92.198:4153,
170.0.87.202:999,177.53.152.138:999,170.254.255.241:45816,
170.79.116.26:8080,177.53.221.89:44196,170.254.255.242:45816,
170.79.235.3:999,177.55.207.38:8080,173.195.27.140:10091,
170.80.65.153:8080,177.55.245.198:8080,173.195.27.142:10091,
170.80.202.242:999,177.69.180.171:8080,173.195.27.144:10091,
170.83.242.250:999,177.71.77.202:20183,173.195.27.158:10091,
170.231.55.142:999,177.73.16.74:55443,174.64.199.79:4145,
170.238.112.71:8080,177.87.144.122:5566,174.64.199.82:4145,
170.239.255.2:55443,177.87.168.6:53281,174.75.211.222:4145,
170.244.210.109:999,177.87.168.101:53281,174.77.111.196:4145,
170.244.210.110:999,177.93.50.165:999,174.77.111.197:4145,
170.246.85.38:37163,177.93.50.234:999,174.77.111.198:49547,
170.246.85.106:50991,177.105.232.114:8080,175.100.18.45:41575,
170.246.85.107:50991,177.128.44.126:6006,175.100.47.144:51080,
173.165.102.210:8080,177.141.99.50:8080,175.100.47.191:5678,
173.219.112.85:8080,177.202.59.58:8080,175.100.72.95:55360,
174.81.78.64:48678,177.220.188.213:8080,175.106.10.226:51630,
175.100.64.127:9812,177.220.226.122:50151,175.139.179.65:41527,
175.100.72.95:55360,177.229.210.66:8080,175.139.200.17:4153,
175.100.103.170:55443,177.234.164.50:8080,175.144.198.226:31694,
175.101.80.136:8080,177.234.236.1:999,176.98.248.2:4153,
175.101.80.138:8080,177.234.236.12:999,176.99.2.43:1081,
175.101.80.140:8080,177.242.151.133:8080,176.114.244.92:33722,
175.101.80.145:8080,177.242.151.136:8080,176.123.56.58:3629,
175.106.10.164:8089,177.242.151.148:8080,176.197.103.58:4145,
175.106.10.226:51630,178.47.141.85:2580,176.236.30.153:5678,
175.106.10.227:7878,178.136.2.208:55443,176.236.37.132:1080,
175.111.129.155:8080,178.151.205.154:38421,176.236.222.15:1080,
175.111.129.156:8080,178.169.139.180:8080,176.241.89.244:53583,
175.139.179.65:41527,178.212.196.177:9999,177.10.84.121:4145,
175.184.230.233:6565,178.216.24.80:55443,177.12.176.250:4153,
176.31.7.185:8080,178.217.172.206:55443,177.12.177.53:4153,
176.56.107.236:33911,178.236.223.250:8080,177.12.177.69:4153,
176.98.22.224:8181,178.238.25.174:1337,177.12.178.5:4153,
176.99.2.43:1081,179.1.73.100:999,177.12.178.9:4153,
176.110.121.90:21776,179.1.91.37:999,177.12.178.37:4153,
176.115.197.118:8080,179.1.129.94:999,177.36.185.179:5678,
176.118.50.236:53281,179.43.96.178:8080,177.36.185.180:5678,
176.118.50.238:53281,179.189.125.222:8080,177.36.185.182:5678,
176.118.50.239:53281,180.94.69.66:8080,177.38.5.114:4153,
176.119.158.31:8118,180.149.235.39:8080,177.38.5.172:4153,
176.214.97.55:1256,180.178.111.219:8080,177.38.5.245:4153,
176.236.85.246:9090,180.178.189.102:3127,177.38.240.74:4153,
176.236.141.30:10001,180.180.218.250:8080,177.53.221.89:44196,
176.236.232.65:9090,180.191.22.200:8080,177.55.247.181:5678,
176.236.232.66:9090,180.193.213.42:8080,177.64.31.243:5678,
176.236.232.69:9090,180.193.216.212:8080,177.66.195.115:4145,
176.236.232.70:9090,180.210.160.70:8080,177.66.195.117:4145,
176.241.89.244:53583,180.210.178.30:8080,177.66.244.100:5678,
177.22.88.224:3128,180.211.183.2:8080,177.72.6.18:4145,
177.43.72.251:3128,180.250.153.129:53281,177.72.112.161:31164,
177.53.152.137:999,180.250.153.130:53281,177.72.112.169:31164,
177.53.152.138:999,180.250.252.218:8080,177.72.112.249:31164,
177.53.221.89:44196,180.250.252.221:8080,177.73.248.26:55290,
177.55.207.38:8080,181.10.117.254:999,177.73.248.38:55290,
177.55.245.198:8080,181.31.225.234:3128,177.85.205.105:3629,
177.69.180.171:8080,181.48.101.245:3128,177.85.205.173:3629,
177.71.77.202:20183,181.49.23.78:999,177.86.64.137:3629,
177.73.16.74:55443,181.49.100.190:8080,177.86.64.149:3629,
177.87.144.122:5566,181.49.217.254:8080,177.86.64.233:3629,
177.87.168.6:53281,181.74.81.195:999,177.86.64.241:3629,
177.87.168.101:53281,181.78.13.211:999,177.87.223.194:49233,
177.93.50.165:999,181.78.15.105:999,177.87.230.29:43573,
177.93.50.234:999,181.78.16.235:5678,177.91.76.34:4153,
177.105.232.114:8080,181.113.135.254:50083,177.93.72.130:4153,
177.128.44.126:6006,181.115.67.3:999,177.93.77.2:4145,
177.141.99.50:8080,181.115.187.218:8080,177.93.77.10:4153,
177.202.59.58:8080,181.129.2.90:8081,177.93.78.9:4153,
177.220.188.213:8080,181.129.52.154:44665,177.104.16.118:14880,
177.220.226.122:50151,181.129.52.157:42648,177.104.87.23:5678,
177.229.210.66:8080,181.129.70.82:44357,177.107.217.112:4145,
177.234.164.50:8080,181.129.74.58:40667,177.128.44.126:6006,
177.234.236.1:999,181.129.98.146:8080,177.131.29.211:4153,
177.242.151.133:8080,181.129.138.114:30838,177.131.29.212:4153,
177.242.151.136:8080,181.129.183.19:53281,177.136.34.26:4153,
177.242.151.148:8080,181.143.37.90:8181,177.152.66.59:5678,
178.47.141.85:2580,181.143.106.162:52151,177.184.67.77:4145,
178.136.2.208:55443,181.176.161.39:999,177.207.192.137:4145,
178.151.205.154:38421,181.188.166.82:8080,177.220.188.213:8080,
178.169.139.180:8080,181.198.62.154:999,177.220.243.130:4153,
178.212.196.177:9999,181.205.41.210:7654,177.222.60.138:5678,
178.216.24.80:55443,181.209.77.250:999,177.222.146.125:5678,
178.217.172.206:55443,181.209.82.154:14888,177.223.63.26:52104,
178.236.223.250:8080,181.209.105.154:8080,178.16.146.208:3629,
178.238.25.174:1337,181.209.111.146:999,178.48.68.61:4145,
179.1.73.100:999,181.209.117.50:8080,178.76.254.130:4145,
179.1.77.222:999,181.209.117.53:8080,178.132.4.53:443,
179.1.91.37:999,181.209.117.54:8080,178.150.188.118:1099,
179.1.129.94:999,181.209.124.10:999,178.151.134.232:5678,
179.43.96.178:8080,181.225.54.59:6969,178.151.205.154:38421,
179.184.165.181:8080,182.16.171.42:43188,178.151.212.117:6789,
179.189.125.222:8080,182.18.179.129:83,178.156.62.181:5678,
180.94.69.66:8080,182.23.35.242:8080,178.156.62.185:5678,
180.149.235.39:8080,182.23.107.210:3128,178.170.54.205:9050,
180.178.111.219:8080,182.52.51.10:61124,178.212.48.70:1080,
180.178.189.102:3127,182.52.140.57:8080,178.212.49.96:1080,
180.180.218.250:8080,182.52.229.165:8080,178.212.49.219:1080,
180.191.22.200:8080,182.70.117.107:84,178.212.54.137:5678,
180.193.213.42:8080,182.71.146.148:8080,178.212.55.61:1080,
180.193.216.212:8080,182.74.63.189:84,178.212.65.61:3629,
180.210.160.70:8080,182.93.82.191:8080,178.212.199.95:1099,
180.210.178.30:8080,182.176.164.41:8080,178.218.201.63:1080,
180.211.183.2:8080,182.191.84.39:80,178.238.25.174:1337,
180.250.153.129:53281,182.237.16.7:83,178.253.208.146:1080,
180.250.153.130:53281,182.253.6.236:8080,178.253.212.118:1080,
180.250.252.218:8080,182.253.26.196:8080,178.254.157.214:1080,
180.250.252.221:8080,182.253.28.124:8080,179.27.86.36:4153,
181.10.117.254:999,182.253.93.4:4145,179.27.214.238:4153,
181.31.225.234:3128,182.253.105.123:8080,179.40.75.1:61362,
181.48.101.245:3128,182.253.108.50:40448,179.60.243.38:48699,
181.49.23.78:999,182.253.108.51:40448,179.96.241.191:4153,
181.49.100.190:8080,182.253.108.186:8080,179.108.158.204:4145,
181.49.217.254:8080,182.253.112.194:8080,179.111.216.102:3629,
181.74.81.195:999,182.253.191.132:8080,179.125.172.177:4153,
181.78.13.211:999,182.253.197.69:8080,179.125.172.210:4153,
181.78.15.105:999,182.253.197.70:8080,179.183.29.194:4145,
181.78.16.235:5678,183.88.212.184:8080,179.191.13.21:4153,
181.113.135.254:50083,183.88.228.208:8080,180.92.212.200:5678,
181.115.67.3:999,183.247.152.98:53281,180.180.12.51:4145,
181.115.187.218:8080,184.155.36.194:8080,180.180.124.248:49992,
181.129.2.90:8081,185.3.214.3:80,180.191.22.50:4153,
181.129.52.154:44665,185.12.68.163:43393,180.210.222.201:1080,
181.129.52.157:42648,185.17.132.15:2536,180.210.222.233:1080,
181.129.70.82:44357,185.20.198.108:8080,180.211.191.38:5678,
181.129.74.58:40667,185.23.110.106:8080,180.250.159.49:4153,
181.129.98.146:8080,185.32.6.129:8090,180.250.190.150:1080,
181.129.138.114:30838,185.32.6.131:8090,181.13.198.90:4153,
181.129.183.19:53281,185.58.17.4:8080,181.15.154.154:52033,
181.143.37.90:8181,185.58.17.97:8080,181.48.63.206:4153,
181.143.106.162:52151,185.58.18.169:8080,181.48.70.30:4153,
181.143.224.43:999,185.108.141.19:8080,181.48.193.42:2580,
181.176.161.39:999,185.108.141.114:8080,181.49.212.122:5678,
181.188.166.82:8080,185.125.169.24:8118,181.78.16.235:5678,
181.193.140.2:6969,185.127.224.60:41890,181.78.24.29:5678,
181.198.62.154:999,185.136.151.138:5678,181.113.0.38:5678,
181.205.41.210:7654,185.142.43.217:8080,181.113.135.254:50083,
181.209.77.250:999,185.182.222.178:8080,181.115.152.114:4153,
181.209.82.154:14888,185.189.186.19:8080,181.118.158.38:4153,
181.209.105.154:8080,185.199.84.161:53281,181.129.52.154:44665,
181.209.111.146:999,185.226.134.8:9090,181.129.52.157:42648,
181.209.117.50:8080,185.243.174.26:8080,181.129.70.82:44357,
181.209.117.53:8080,185.255.46.121:8080,181.129.74.58:40667,
181.209.117.54:8080,186.3.38.200:999,181.129.138.114:30838,
181.209.124.10:999,186.3.38.201:999,181.129.144.59:3629,
181.225.54.59:6969,186.3.38.202:999,181.143.69.227:5678,
182.16.171.42:43188,186.5.117.82:999,181.174.85.78:5678,
182.18.179.129:83,186.67.192.246:8080,181.193.140.2:6969,
182.23.35.242:8080,186.96.56.9:999,181.198.32.212:4153,
182.23.107.210:3128,186.96.111.178:999,181.198.111.122:5678,
182.52.51.10:61124,186.97.172.178:5678,181.198.111.123:5678,
182.52.140.57:8080,186.103.130.91:8080,181.205.46.178:4666,
182.52.229.165:8080,186.103.130.92:8080,181.209.82.154:14888,
182.70.117.107:84,186.103.130.93:8080,181.209.86.171:58682,
182.71.146.148:8080,186.103.130.94:8080,181.230.24.15:4153,
182.74.63.189:84,186.125.235.101:999,182.16.171.42:43188,
182.93.82.191:8080,186.154.147.166:9812,182.16.191.202:5678,
182.176.164.41:8080,186.159.3.43:51445,182.16.240.49:30617,
182.191.84.39:80,186.159.3.193:45524,182.23.5.70:5678,
182.237.16.7:83,186.195.82.9:8181,182.52.19.237:3629,
182.253.6.236:8080,186.208.81.214:3129,182.52.51.10:61124,
182.253.26.196:8080,186.211.177.161:8082,182.52.67.122:50801,
182.253.28.124:8080,186.215.68.51:3127,182.52.229.57:4145,
182.253.93.4:4145,186.219.96.47:49923,182.53.96.56:4145,
182.253.105.123:8080,186.232.119.58:3128,182.61.201.201:80,
182.253.108.50:40448,187.1.57.206:20183,182.71.146.148:8080,
182.253.108.51:40448,187.6.108.42:8080,182.93.69.74:5678,
182.253.108.186:8080,187.44.167.78:47074,182.93.80.11:1081,
182.253.112.194:8080,187.45.127.87:20183,182.93.80.59:5678,
182.253.191.132:8080,187.62.191.3:33428,182.93.84.20:5678,
182.253.197.69:8080,187.73.68.14:53281,182.93.85.49:5678,
182.253.197.70:8080,187.94.16.59:39665,182.101.207.11:8080,
183.88.212.184:8080,187.95.112.36:6666,182.160.110.182:5678,
183.88.228.208:8080,187.102.236.161:999,182.160.127.53:48744,
183.247.152.98:53281,187.109.37.53:20183,182.253.93.4:4145,
184.155.36.194:8080,187.109.40.193:20183,183.81.156.225:5678,
185.3.214.3:80,187.115.10.50:20183,183.177.127.42:5678,
185.12.68.163:43393,187.130.139.197:37812,183.194.93.138:51080,
185.17.132.15:2536,187.188.108.114:8080,184.95.0.122:4153,
185.20.198.108:8080,187.188.171.73:6969,184.105.133.1:48324,
185.23.110.106:8080,187.189.175.136:999,184.149.25.55:5678,
185.32.6.129:8090,187.190.252.248:999,184.155.36.194:8080,
185.32.6.131:8090,187.216.93.20:55443,184.178.172.3:4145,
185.58.17.4:8080,188.43.228.25:8080,184.178.172.5:15303,
185.58.17.97:8080,188.72.6.98:37083,184.178.172.11:4145,
185.58.18.169:8080,188.94.231.65:8080,184.178.172.13:15311,
185.82.98.73:5678,188.133.137.9:8081,184.178.172.14:4145,
185.108.141.19:8080,188.133.138.197:8080,184.178.172.17:4145,
185.108.141.114:8080,188.133.139.219:1256,184.178.172.18:15280,
185.125.169.24:8118,188.133.152.247:1256,184.178.172.23:4145,
185.127.224.60:41890,188.133.153.161:1256,184.178.172.25:15291,
185.136.151.138:5678,188.133.157.61:10000,184.178.172.26:4145,
185.142.43.217:8080,188.133.158.27:8080,184.178.172.28:15294,
185.182.222.178:8080,188.133.158.80:1256,184.181.217.194:4145,
185.189.186.19:8080,188.133.158.145:8080,184.181.217.201:4145,
185.199.84.161:53281,188.133.173.21:8080,184.181.217.206:4145,
185.226.134.8:9090,188.163.170.130:35578,184.181.217.210:4145,
185.243.174.26:8080,188.169.38.111:8080,184.181.217.213:4145,
185.255.46.121:8080,188.235.130.50:8080,184.181.217.220:4145,
186.3.38.200:999,189.3.169.34:9812,185.12.68.163:43393,
186.3.38.201:999,189.73.50.58:8080,185.20.115.118:34493,
186.3.38.202:999,189.90.241.30:5566,185.32.44.219:4153,
186.5.117.82:999,189.90.255.208:3128,185.47.184.253:45463,
186.67.192.246:8080,189.193.224.222:999,185.49.170.20:33626,
186.96.56.9:999,189.198.250.210:999,185.51.92.108:51327,
186.96.111.178:999,190.2.210.115:999,185.54.238.208:4153,
186.97.172.178:5678,190.2.213.35:6969,185.56.180.14:5678,
186.103.130.91:8080,190.8.38.83:999,185.56.246.76:8291,
186.103.130.92:8080,190.12.95.170:37209,185.61.152.137:8080,
186.103.130.93:8080,190.14.249.174:999,185.64.105.82:9050,
186.103.130.94:8080,190.14.249.217:999,185.78.16.76:5678,
186.125.235.101:999,190.55.17.234:8181,185.79.241.34:42756,
186.154.147.166:9812,190.61.41.106:999,185.82.98.73:5678,
186.159.3.43:51445,190.61.57.43:8080,185.86.5.162:8975,
186.159.3.193:45524,190.61.57.45:8080,185.87.121.5:8975,
186.195.82.9:8181,190.61.84.166:9812,185.89.65.165:33744,
186.208.81.214:3129,190.61.101.39:8080,185.89.156.130:5678,
186.211.177.161:8082,190.82.91.203:999,185.95.199.103:1099,
186.215.68.51:3127,190.90.8.74:8080,185.97.114.179:3629,
186.219.96.47:49923,190.90.83.225:999,185.97.122.253:4153,
186.232.119.58:3128,190.90.102.35:8080,185.117.244.136:9050,
187.1.57.206:20183,190.90.154.194:999,185.132.228.57:4145,
187.6.108.42:8080,190.90.154.195:999,185.136.150.252:4145,
187.44.167.78:47074,190.90.154.197:999,185.136.151.138:5678,
187.45.127.87:20183,190.90.191.53:999,185.136.151.252:5678,
187.62.191.3:33428,190.95.156.166:999,185.138.230.68:5678,
187.73.68.14:53281,190.104.1.19:999,185.139.56.133:4145,
187.94.16.59:39665,190.104.5.173:8080,185.169.181.11:4145,
187.95.112.36:6666,190.107.232.138:999,185.169.181.21:4145,
187.102.236.161:999,190.108.200.176:8080,185.170.233.105:47574,
187.109.37.53:20183,190.109.11.44:6969,185.170.233.111:47574,
187.109.40.193:20183,190.109.16.145:999,185.170.233.112:47574,
187.115.10.50:20183,190.109.18.65:8080,185.171.52.130:5678,
187.130.139.197:37812,190.109.168.217:8080,185.171.54.26:4153,
187.188.108.114:8080,190.110.99.104:999,185.171.54.29:4153,
187.188.171.73:6969,190.121.153.93:999,185.171.54.30:4153,
187.189.175.136:999,190.131.250.105:999,185.171.54.35:4153,
187.190.252.248:999,190.152.5.126:53040,185.171.55.162:4153,
187.216.93.20:55443,190.160.181.220:8118,185.171.55.218:4153,
188.43.228.25:8080,190.185.116.161:999,185.186.17.57:5678,
188.72.6.98:37083,190.186.1.65:999,185.189.186.19:8080,
188.94.231.65:8080,190.186.18.161:999,185.189.208.129:4153,
188.133.137.9:8081,190.210.152.170:3128,185.190.90.2:4145,
188.133.138.197:8080,190.214.27.46:8080,185.195.129.116:4153,
188.133.139.219:1256,190.214.52.226:53281,185.213.156.226:51971,
188.133.152.247:1256,190.217.10.12:999,185.236.46.221:5678,
188.133.153.161:1256,190.217.101.73:999,186.1.182.194:4153,
188.133.157.61:10000,190.220.1.173:35376,186.4.125.7:5678,
188.133.158.27:8080,191.97.1.89:999,186.10.0.117:4145,
188.133.158.80:1256,191.97.6.211:999,186.10.127.170:4153,
188.133.158.145:8080,191.97.6.213:999,186.97.172.178:5678,
188.133.173.21:8080,191.97.6.214:999,186.97.233.58:5678,
188.163.170.130:35578,191.97.9.189:999,186.97.236.242:5678,
188.166.4.251:8118,191.97.18.177:999,186.97.238.11:4153,
188.169.38.111:8080,191.97.19.49:999,186.137.12.51:4145,
188.235.130.50:8080,191.97.19.57:999,186.147.254.122:5678,
189.3.169.34:9812,191.102.64.147:999,186.159.3.43:51445,
189.73.50.58:8080,191.102.107.235:999,186.159.3.193:45524,
189.90.241.30:5566,192.140.42.81:47277,186.211.2.54:4145,
189.90.255.208:3128,192.140.42.83:59057,186.219.96.47:49923,
189.193.224.222:999,192.141.196.129:8080,186.224.225.82:42648,
189.198.250.210:999,192.158.15.201:60684,186.224.225.98:4145,
190.2.210.115:999,192.162.192.148:55443,186.225.36.122:5678,
190.2.213.34:6969,193.41.88.58:53281,186.225.194.78:34110,
190.2.213.35:6969,193.106.138.52:3128,186.226.171.94:1080,
190.8.38.83:999,193.110.115.220:3128,186.232.131.235:4153,
190.12.95.170:37209,193.117.138.126:44805,186.233.59.88:4145,
190.14.249.174:999,193.138.247.36:3128,186.248.87.172:5678,
190.14.249.217:999,193.164.131.202:7890,186.249.190.97:5678,
190.55.17.234:8181,194.44.15.222:8081,186.251.255.57:31337,
190.61.41.106:999,194.44.172.254:23500,186.251.255.73:31337,
190.61.57.43:8080,194.181.134.81:8080,186.251.255.77:31337,
190.61.57.45:8080,194.181.141.1:8080,186.251.255.237:31337,
190.61.84.166:9812,195.39.233.18:8080,187.16.255.69:4153,
190.61.101.39:8080,195.78.101.75:81,187.19.127.178:4145,
190.82.91.203:999,195.94.28.14:80,187.19.127.179:4153,
190.90.8.74:8080,195.138.73.54:31145,187.19.127.180:4153,
190.90.83.225:999,195.138.90.226:3128,187.19.127.246:8011,
190.90.102.35:8080,195.178.56.32:8080,187.44.167.78:47074,
190.90.154.194:999,195.182.152.238:38178,187.58.135.42:5678,
190.90.154.195:999,195.211.219.147:5555,187.62.191.3:33428,
190.90.154.196:999,195.250.92.58:8080,187.85.6.5:5678,
190.90.154.197:999,196.0.111.194:34638,187.86.153.254:30660,
190.90.191.53:999,196.3.97.71:5678,187.87.198.250:3629,
190.95.156.166:999,196.3.97.82:23500,187.94.16.59:39665,
190.104.1.19:999,196.20.12.21:8080,187.94.215.86:5678,
190.104.5.173:8080,196.20.12.33:8080,187.115.3.186:5678,
190.107.232.138:999,196.20.12.37:8080,187.122.248.194:5678,
190.108.200.176:8080,196.20.12.41:8080,187.130.139.197:37812,
190.109.11.44:6969,196.20.21.82:8080,187.141.129.86:4153,
190.109.16.145:999,196.44.117.10:8080,187.177.30.154:4145,
190.109.18.65:8080,196.200.48.92:8080,187.216.144.170:5678,
190.109.168.217:8080,196.216.215.11:56975,187.243.253.182:43015,
190.110.99.104:999,197.155.230.206:8080,187.252.154.90:4153,
190.121.143.129:999,197.210.217.66:34808,188.6.164.138:5678,
190.121.153.93:999,197.211.38.94:8080,188.64.113.104:1080,
190.131.250.105:999,197.211.45.4:10000,188.72.6.98:37083,
190.152.5.126:53040,197.245.230.122:41026,188.75.186.152:4145,
190.160.181.220:8118,198.52.241.12:999,188.95.20.138:5678,
190.185.116.161:999,198.229.231.13:8080,188.95.20.139:5678,
190.186.1.65:999,200.6.185.62:6969,188.124.12.43:3629,
190.186.18.161:999,200.7.10.158:8080,188.133.160.22:4145,
190.210.152.170:3128,200.8.188.25:999,188.134.9.40:1080,
190.214.27.46:8080,200.8.190.45:999,188.136.162.30:4153,
190.214.52.226:53281,200.13.154.1:8080,188.138.179.13:4153,
190.217.10.12:999,200.16.208.187:8080,188.163.170.130:35578,
190.217.101.73:999,200.24.157.114:999,188.166.4.251:8118,
190.220.1.173:35376,200.24.157.115:999,188.173.80.140:5678,
191.97.1.89:999,200.24.157.116:999,188.237.60.27:1080,
191.97.6.211:999,200.24.159.191:999,188.246.239.42:5678,
191.97.6.213:999,200.24.207.194:8080,188.247.39.14:43032,
191.97.6.214:999,200.25.254.193:54240,188.255.245.229:1080,
191.97.9.189:999,200.29.109.112:14888,189.17.105.130:4153,
191.97.18.177:999,200.32.51.179:8080,189.90.63.122:4153,
191.97.19.18:999,200.32.80.54:999,189.91.85.133:31337,
191.97.19.49:999,200.46.65.66:8080,189.121.227.139:5678,
191.97.19.57:999,200.48.3.226:10101,189.124.138.137:5678,
191.97.19.158:999,200.48.3.227:10101,189.195.176.99:5678,
191.102.64.147:999,200.48.3.228:10101,189.201.187.3:4145,
191.102.107.235:999,200.54.22.74:8080,189.201.191.19:4145,
191.252.1.154:80,200.54.194.10:53281,189.201.191.21:4145,
192.140.42.81:47277,200.58.87.195:8080,189.201.191.66:4145,
192.140.42.83:59057,200.61.16.80:8080,190.2.153.31:9050,
192.141.196.129:8080,200.91.223.122:8080,190.3.72.38:3629,
192.158.15.201:60684,200.91.223.124:8080,190.4.204.163:4145,
192.162.192.148:55443,200.106.187.242:999,190.11.116.49:4153,
193.41.88.58:53281,200.106.187.246:999,190.11.198.89:4153,
193.106.138.52:3128,200.106.187.247:999,190.12.95.170:37209,
193.110.115.220:3128,200.106.187.252:999,190.29.102.181:4153,
193.117.138.126:44805,200.111.182.6:443,190.63.174.18:5678,
193.138.247.36:3128,200.116.198.177:35184,190.69.24.18:5678,
193.164.131.202:7890,200.116.198.222:9812,190.85.65.51:4153,
194.44.15.222:8081,200.125.168.132:999,190.89.89.157:4153,
194.44.172.254:23500,200.125.171.61:999,190.92.72.242:5678,
194.181.134.81:8080,200.125.171.62:999,190.96.18.88:5678,
194.181.141.1:8080,200.125.171.200:9991,190.103.28.76:4145,
195.39.233.18:8080,200.125.171.201:9991,190.103.240.4:4153,
195.78.101.75:81,200.125.171.202:9991,190.104.26.227:33638,
195.94.28.14:80,200.149.19.130:8080,190.104.213.175:1080,
195.138.73.54:31145,200.155.142.98:8080,190.109.72.239:33633,
195.138.90.226:3128,200.172.255.195:8080,190.109.72.242:33633,
195.178.56.32:8080,200.229.147.2:999,190.109.72.254:33633,
195.182.152.238:38178,200.233.92.222:20183,190.110.165.124:5678,
195.211.219.147:5555,201.71.2.112:999,190.111.248.194:4153,
195.250.92.58:8080,201.77.108.130:999,190.119.167.11:5678,
196.0.111.194:34638,201.77.109.129:999,190.123.226.109:5678,
196.3.97.71:5678,201.77.110.1:999,190.140.31.195:9900,
196.3.97.82:23500,201.91.82.155:3128,190.144.167.178:5678,
196.20.12.21:8080,201.157.254.26:8080,190.153.253.5:4145,
196.20.12.33:8080,201.174.104.222:999,190.180.35.148:5678,
196.20.12.37:8080,201.182.85.242:999,190.180.35.150:5678,
196.20.12.41:8080,201.217.246.178:8080,190.181.140.90:5678,
196.20.21.82:8080,201.219.11.202:999,190.184.144.222:5678,
196.44.117.10:8080,201.219.11.204:999,190.205.42.44:1080,
196.200.48.92:8080,201.219.11.206:999,190.205.100.129:5678,
196.216.215.11:56975,201.220.102.146:8080,190.214.27.46:8080,
197.155.230.206:8080,201.220.112.98:999,190.216.56.1:4153,
197.210.217.66:34808,201.222.45.69:999,190.216.56.177:4153,
197.211.38.94:8080,202.21.110.82:8020,190.220.1.173:35376,
197.211.45.4:10000,202.43.72.203:8080,190.221.152.130:56142,
197.232.39.208:14880,202.51.106.229:8080,190.226.241.76:3629,
197.245.230.122:41026,202.52.13.2:8089,191.6.133.23:4145,
198.52.241.12:999,202.53.171.114:80,191.6.135.94:4145,
198.229.231.13:8080,202.57.2.19:8080,191.7.85.206:4145,
200.6.185.62:6969,202.57.37.197:59404,191.97.2.198:5678,
200.7.10.158:8080,202.57.55.242:45112,191.103.216.42:5678,
200.8.188.25:999,202.62.11.197:8080,192.111.129.145:16894,
200.8.190.45:999,202.62.84.210:53281,192.111.130.2:4145,
200.13.154.1:8080,202.65.158.237:83,192.111.130.5:17002,
200.16.208.187:8080,202.69.38.82:8080,192.111.135.17:18302,
200.24.157.114:999,202.75.97.82:47009,192.111.135.18:18301,
200.24.157.115:999,202.77.120.38:57965,192.111.137.34:18765,
200.24.157.116:999,202.91.91.51:3128,192.111.137.35:4145,
200.24.159.191:999,202.129.196.242:53879,192.111.137.37:18762,
200.24.207.194:8080,202.131.234.194:8080,192.111.138.29:4145,
200.25.254.193:54240,202.137.3.209:3888,192.111.139.162:4145,
200.29.109.112:14888,202.137.121.109:8080,192.111.139.163:19404,
200.32.51.179:8080,202.142.158.114:8080,192.111.139.165:4145,
200.32.80.54:999,202.147.198.115:8080,192.140.42.81:47277,
200.46.65.66:8080,202.152.12.202:8080,192.140.42.83:59057,
200.48.3.226:10101,202.152.51.44:8080,192.141.232.12:33998,
200.48.3.227:10101,202.152.135.162:8080,192.141.236.10:5678,
200.48.3.228:10101,202.154.191.38:8080,192.158.15.201:60684,
200.54.22.74:8080,202.164.152.233:8080,192.162.154.19:5678,
200.54.194.10:53281,202.165.47.90:55443,192.171.119.166:53149,
200.58.87.195:8080,202.169.47.108:8080,192.249.127.96:9999,
200.61.16.80:8080,202.169.51.46:8080,192.252.208.67:14287,
200.91.223.122:8080,202.169.229.139:53281,192.252.208.70:14282,
200.91.223.124:8080,202.180.20.10:55443,192.252.209.155:14455,
200.106.187.242:999,202.180.20.11:55443,192.252.211.197:14921,
200.106.187.246:999,202.180.20.66:8080,192.252.214.20:15864,
200.106.187.247:999,203.81.87.186:5678,192.252.215.5:16137,
200.106.187.252:999,203.81.95.42:8080,192.252.220.92:17328,
200.111.182.6:443,203.84.153.210:8080,193.106.58.51:4153,
200.116.198.177:35184,203.112.223.126:8080,193.106.192.50:36387,
200.116.198.222:9812,203.142.71.50:8080,193.106.231.145:4145,
200.125.168.132:999,203.142.71.52:8080,193.110.115.220:3128,
200.125.171.61:999,203.170.222.4:8080,193.111.223.200:51327,
200.125.171.62:999,203.177.133.235:8080,193.217.8.145:5678,
200.125.171.200:9991,203.190.44.10:3127,193.239.100.19:4153,
200.125.171.201:9991,203.192.217.11:8080,193.239.101.11:44712,
200.125.171.202:9991,204.199.129.38:999,194.12.124.188:3629,
200.149.19.130:8080,205.201.49.132:53281,194.226.164.214:1080,
200.155.142.98:8080,206.43.196.24:55443,195.64.235.233:4153,
200.172.255.195:8080,206.62.64.34:8080,195.78.100.162:3629,
200.217.165.114:8080,206.161.97.2:31337,195.96.81.238:39586,
200.229.147.2:999,206.161.97.47:31337,195.138.73.54:31145,
200.233.92.222:20183,206.161.97.64:31337,195.168.91.238:4153,
201.71.2.41:999,206.161.97.118:31337,195.175.87.14:4153,
201.71.2.112:999,208.163.39.218:53281,195.222.107.85:4153,
201.77.108.130:999,208.180.105.70:8080,195.225.49.138:55774,
201.77.108.225:999,212.12.69.43:8080,195.235.97.154:3000,
201.77.109.129:999,212.42.116.161:8080,196.0.111.194:34638,
201.77.110.1:999,212.46.230.102:6969,196.0.113.10:31651,
201.77.110.129:999,212.89.188.115:21231,196.3.97.71:5678,
201.91.82.155:3128,212.90.34.203:8080,196.41.102.130:60216,
201.157.254.26:8080,212.92.204.54:80,196.216.11.135:4673,
201.174.104.222:999,212.108.144.67:8080,196.216.12.21:2420,
201.182.85.242:999,212.112.127.20:8080,196.216.13.36:5678,
201.182.251.154:8080,212.115.232.79:10800,196.250.39.65:5678,
201.217.246.178:8080,212.126.96.154:8080,197.82.166.158:1080,
201.219.11.202:999,212.154.23.82:9090,197.157.254.34:4145,
201.219.11.204:999,212.174.242.114:8080,197.159.130.134:5678,
201.219.11.206:999,213.6.28.85:8080,197.210.96.58:5678,
201.220.102.146:8080,213.6.66.66:48687,197.210.217.66:34808,
201.220.112.98:999,213.6.99.106:8080,197.211.24.206:5678,
201.222.45.69:999,213.6.204.153:49044,197.211.240.119:5678,
202.8.73.206:5678,213.171.63.210:41890,197.232.21.22:58253,
202.21.110.82:8020,213.222.34.200:53281,197.232.39.208:14880,
202.43.72.203:8080,213.226.11.149:59086,197.232.47.102:52567,
202.51.106.229:8080,216.155.89.66:999,197.232.253.210:5678,
202.52.13.2:8089,216.169.73.65:34679,197.234.13.3:4145,
202.53.171.114:80,217.21.214.139:8080,197.234.13.25:4145,
202.57.2.19:8080,217.60.194.43:8080,197.234.13.53:4145,
202.57.37.197:59404,217.60.194.47:8080,197.245.230.122:41026,
202.57.55.242:45112,217.60.194.51:8080,197.248.28.17:10801,
202.62.11.197:8080,217.60.194.52:8080,197.248.249.147:5678,
202.62.84.210:53281,217.60.195.37:8080,197.250.15.87:5678,
202.65.158.237:83,217.180.218.36:8080,197.253.30.1:10081,
202.69.38.82:8080,217.197.158.182:41890,197.255.253.33:5678,
202.75.97.82:47009,218.75.69.50:56430,198.0.198.132:54321,
202.77.120.38:57965,218.185.234.194:8080,198.8.94.170:4145,
202.91.91.51:3128,218.185.234.197:8080,198.8.94.174:39078,
202.129.196.242:53879,220.168.52.245:43718,198.89.91.42:5678,
202.131.234.194:8080,221.155.163.113:8080,198.89.91.90:5678,
202.137.3.209:3888,222.124.193.113:8080,198.186.192.83:9050,
202.137.121.109:8080,222.216.37.138:808,200.0.247.82:4153,
202.142.158.114:8080,222.253.48.253:8080,200.0.247.83:4153,
202.147.198.115:8080,223.29.199.144:55443,200.0.247.84:4153,
202.152.12.202:8080,,200.0.247.85:4153,
202.152.51.44:8080,,200.0.247.86:4153,
202.152.135.162:8080,,200.2.196.42:5678,
202.154.191.38:8080,,200.8.18.194:443,
202.164.152.233:8080,,200.27.110.28:57702,
202.165.47.90:55443,,200.27.110.29:57702,
202.169.47.108:8080,,200.27.110.30:57702,
202.169.51.46:8080,,200.29.109.112:14888,
202.169.229.139:53281,,200.32.105.86:4153,
202.180.16.1:8080,,200.41.60.33:4153,
202.180.20.10:55443,,200.42.89.50:4153,
202.180.20.11:55443,,200.43.231.4:4153,
202.180.20.66:8080,,200.43.231.16:4153,
203.81.87.186:5678,,200.46.203.42:5678,
203.81.95.42:8080,,200.58.76.160:5678,
203.84.153.210:8080,,200.70.19.85:4153,
203.112.223.126:8080,,200.70.19.93:4153,
203.142.71.50:8080,,200.70.34.22:4153,
203.142.71.52:8080,,200.80.227.234:4145,
203.170.222.4:8080,,200.81.144.9:1080,
203.177.133.235:8080,,200.85.52.170:5678,
203.190.44.10:3127,,200.105.192.6:5678,
203.192.217.11:8080,,200.115.157.211:4145,
204.199.129.38:999,,200.116.198.140:37092,
205.201.49.132:53281,,200.116.198.177:35184,
206.43.196.24:55443,,200.192.236.242:1080,
206.62.64.34:8080,,200.199.195.138:4145,
206.161.97.2:31337,,200.218.240.9:5678,
206.161.97.47:31337,,201.18.144.234:5678,
206.161.97.64:31337,,201.20.79.182:5678,
206.161.97.118:31337,,201.48.62.65:4145,
208.163.39.218:53281,,201.76.9.26:4145,
208.180.105.70:8080,,201.76.179.249:31337,
208.180.202.147:8080,,201.144.20.231:5678,
212.12.69.43:8080,,201.184.40.210:5678,
212.42.116.161:8080,,201.184.135.155:4145,
212.46.230.102:6969,,201.184.152.138:44742,
212.89.188.115:21231,,201.204.47.67:5678,
212.90.34.203:8080,,201.206.141.102:6969,
212.92.204.54:80,,201.217.51.9:4145,
212.108.144.67:8080,,201.221.134.74:5678,
212.112.127.20:8080,,201.221.157.162:5678,
212.115.232.79:10800,,201.234.24.1:4153,
212.119.198.254:8080,,201.251.63.208:49271,
212.126.96.154:8080,,202.4.107.69:5678,
212.154.23.82:9090,,202.5.54.70:4145,
212.174.242.114:8080,,202.8.73.206:5678,
213.6.28.65:8080,,202.21.113.86:4153,
213.6.28.91:8080,,202.21.115.202:4153,
213.6.66.66:48687,,202.21.116.210:4153,
213.6.99.106:8080,,202.29.220.202:61507,
213.6.204.153:49044,,202.40.177.94:5678,
213.171.63.210:41890,,202.40.186.157:4145,
213.178.39.170:8080,,202.43.112.37:4145,
213.222.34.200:53281,,202.43.182.3:4153,
213.226.11.149:59086,,202.43.191.10:5430,
216.155.89.66:999,,202.43.191.14:5430,
216.169.73.65:34679,,202.51.103.154:5678,
217.21.214.139:8080,,202.51.123.108:5678,
217.60.194.43:8080,,202.53.172.76:5678,
217.60.194.47:8080,,202.53.174.17:1080,
217.60.194.51:8080,,202.57.37.197:59404,
217.60.194.52:8080,,202.57.55.242:45112,
217.60.195.37:8080,,202.62.47.190:4153,
217.180.218.36:8080,,202.70.80.153:5678,
217.197.158.182:41890,,202.75.97.82:47009,
218.75.69.50:56430,,202.85.197.139:80,
218.185.234.194:8080,,202.91.186.65:4145,
218.185.234.197:8080,,202.123.180.93:5678,
220.168.52.245:43718,,202.123.183.14:5678,
220.247.171.90:81,,202.124.43.253:4145,
221.155.163.113:8080,,202.129.52.171:4153,
221.178.239.200:7302,,202.129.52.174:4153,
222.124.193.113:8080,,202.131.241.210:1080,
222.216.37.138:808,,202.131.246.158:5678,
222.253.48.253:8080,,202.131.246.250:5678,
223.29.199.144:55443,,202.137.24.18:7890,
"",,202.137.141.183:5678,
"",,202.137.141.212:5678,
"",,202.138.242.6:38373,
"",,202.141.242.3:55544,
"",,202.144.134.150:5678,
"",,202.147.206.210:4145,
"",,202.148.5.34:5678,
"",,202.148.12.90:51302,
"",,202.150.148.218:61924,
"",,202.150.151.138:5678,
"",,202.150.164.146:5678,
"",,202.151.163.10:1080,
"",,202.158.49.138:39172,
"",,202.158.49.140:39172,
"",,202.159.107.97:443,
"",,202.162.219.10:1080,
"",,202.163.127.244:5678,
"",,202.165.40.29:5678,
"",,202.165.47.41:5678,
"",,202.166.206.59:5678,
"",,202.179.184.42:5430,
"",,202.179.184.43:5430,
"",,202.183.155.242:4153,
"",,203.76.110.186:4145,
"",,203.76.112.68:5678,
"",,203.76.117.74:4153,
"",,203.76.124.138:5678,
"",,203.80.191.18:4145,
"",,203.81.87.186:5678,
"",,203.98.76.64:5678,
"",,203.113.117.48:4153,
"",,203.113.117.49:4153,
"",,203.113.117.50:4153,
"",,203.115.123.163:9999,
"",,203.124.53.122:5678,
"",,203.150.132.42:14153,
"",,203.154.232.28:4153,
"",,203.194.103.30:5678,
"",,203.205.29.108:5678,
"",,203.215.181.219:36342,
"",,204.10.182.34:39593,
"",,205.164.66.7:4153,
"",,205.177.85.130:39593,
"",,207.180.193.106:9100,
"",,208.102.51.6:58208,
"",,209.13.96.163:39921,
"",,209.240.50.56:39593,
"",,210.2.131.196:5678,
"",,210.61.216.66:33990,
"",,210.86.173.42:4153,
"",,210.221.124.147:1080,
"",,210.245.51.76:4145,
"",,211.21.125.32:4153,
"",,211.174.100.111:4153,
"",,212.3.105.11:4145,
"",,212.3.109.7:4145,
"",,212.31.100.138:4153,
"",,212.33.240.140:4145,
"",,212.42.99.22:4145,
"",,212.42.116.161:8080,
"",,212.50.19.150:4153,
"",,212.50.60.231:5678,
"",,212.50.78.202:5678,
"",,212.102.103.134:4153,
"",,212.115.232.79:10800,
"",,212.175.191.174:4153,
"",,212.200.89.10:4153,
"",,212.200.89.11:4153,
"",,212.200.118.254:4153,
"",,212.220.13.98:4153,
"",,213.6.33.110:4145,
"",,213.6.36.146:5678,
"",,213.6.38.50:59422,
"",,213.6.66.66:48687,
"",,213.6.68.210:4145,
"",,213.6.204.153:49044,
"",,213.6.210.50:4153,
"",,213.16.81.182:35559,
"",,213.19.205.18:54321,
"",,213.21.56.20:4153,
"",,213.32.252.134:5678,
"",,213.157.51.74:3629,
"",,213.210.67.186:3629,
"",,213.222.34.200:53281,
"",,213.226.11.149:59086,
"",,213.250.198.66:4145,
"",,216.127.113.58:5678,
"",,216.169.73.65:34679,
"",,216.215.125.178:48324,
"",,216.215.125.182:48324,
"",,216.218.240.46:48324,
"",,217.117.142.18:3629,
"",,218.21.78.35:4145,
"",,218.26.101.226:53813,
"",,218.60.2.245:1080,
"",,218.65.219.119:4153,
"",,218.75.69.50:56430,
"",,218.252.244.104:80,
"",,220.168.52.245:43718,
"",,221.121.12.238:47012,
"",,221.133.9.35:4004,
"",,221.224.140.140:51080,
"",,222.70.178.4:4145,
"",,222.124.34.196:5678,
"",,222.124.135.123:5678,
"",,222.165.223.138:41541,
"",,222.165.234.147:52667,
"",,223.96.90.216:8085,
